bin,bin_left,bin_right,calibration_method,label_policy,mean_probability,observed_rate,positive_count,row_count,split_name,target
0,0.0,0.1,C0_raw_hgb_w2,all_rows,0.002182578199416834,0.08955223880597014,12,134,c_rate_holdout_fold,event_within_1_checkup
2,0.2,0.3,C0_raw_hgb_w2,all_rows,0.22103724724390106,1.0,6,6,c_rate_holdout_fold,event_within_1_checkup
3,0.3,0.4,C0_raw_hgb_w2,all_rows,0.31385061112532453,1.0,1,1,c_rate_holdout_fold,event_within_1_checkup
5,0.5,0.6,C0_raw_hgb_w2,all_rows,0.5813062304353193,0.5,1,2,c_rate_holdout_fold,event_within_1_checkup
6,0.6,0.7,C0_raw_hgb_w2,all_rows,0.6435403302281409,0.6666666666666666,2,3,c_rate_holdout_fold,event_within_1_checkup
7,0.7,0.8,C0_raw_hgb_w2,all_rows,0.7855481852036259,1.0,1,1,c_rate_holdout_fold,event_within_1_checkup
9,0.9,1.0,C0_raw_hgb_w2,all_rows,0.9614813697130316,0.9,9,10,c_rate_holdout_fold,event_within_1_checkup
0,0.0,0.1,C0_raw_hgb_w2,all_rows,0.0017983333838526405,0.008391608391608392,30,3575,condition_fold,event_within_1_checkup
1,0.1,0.2,C0_raw_hgb_w2,all_rows,0.14035228213866105,0.3023255813953488,13,43,condition_fold,event_within_1_checkup
2,0.2,0.3,C0_raw_hgb_w2,all_rows,0.24171547062726478,0.36,9,25,condition_fold,event_within_1_checkup
3,0.3,0.4,C0_raw_hgb_w2,all_rows,0.3542017334334881,0.1875,3,16,condition_fold,event_within_1_checkup
4,0.4,0.5,C0_raw_hgb_w2,all_rows,0.448194399764515,0.2,2,10,condition_fold,event_within_1_checkup
5,0.5,0.6,C0_raw_hgb_w2,all_rows,0.5543942765255544,0.5294117647058824,9,17,condition_fold,event_within_1_checkup
6,0.6,0.7,C0_raw_hgb_w2,all_rows,0.6411662941356806,0.5,8,16,condition_fold,event_within_1_checkup
7,0.7,0.8,C0_raw_hgb_w2,all_rows,0.7617002172627136,0.5789473684210527,11,19,condition_fold,event_within_1_checkup
8,0.8,0.9,C0_raw_hgb_w2,all_rows,0.8493578909723704,0.6190476190476191,13,21,condition_fold,event_within_1_checkup
9,0.9,1.0,C0_raw_hgb_w2,all_rows,0.9674907965827496,0.8823529411764706,75,85,condition_fold,event_within_1_checkup
0,0.0,0.1,C0_raw_hgb_w2,all_rows,0.0020350238373594925,0.008658008658008658,6,693,profile_holdout_fold,event_within_1_checkup
1,0.1,0.2,C0_raw_hgb_w2,all_rows,0.1131314582150671,0.6666666666666666,2,3,profile_holdout_fold,event_within_1_checkup
3,0.3,0.4,C0_raw_hgb_w2,all_rows,0.34279733517992533,0.6666666666666666,2,3,profile_holdout_fold,event_within_1_checkup
4,0.4,0.5,C0_raw_hgb_w2,all_rows,0.44037004813582825,0.0,0,4,profile_holdout_fold,event_within_1_checkup
5,0.5,0.6,C0_raw_hgb_w2,all_rows,0.5411448357369766,0.5,1,2,profile_holdout_fold,event_within_1_checkup
6,0.6,0.7,C0_raw_hgb_w2,all_rows,0.6665696772124851,0.0,0,2,profile_holdout_fold,event_within_1_checkup
7,0.7,0.8,C0_raw_hgb_w2,all_rows,0.7458101666828642,0.25,1,4,profile_holdout_fold,event_within_1_checkup
8,0.8,0.9,C0_raw_hgb_w2,all_rows,0.8397116357065864,0.5,3,6,profile_holdout_fold,event_within_1_checkup
9,0.9,1.0,C0_raw_hgb_w2,all_rows,0.9723470965118983,0.6,21,35,profile_holdout_fold,event_within_1_checkup
0,0.0,0.1,C0_raw_hgb_w2,all_rows,0.0021462268300672786,0.016489988221436984,28,1698,temperature_holdout_fold,event_within_1_checkup
1,0.1,0.2,C0_raw_hgb_w2,all_rows,0.151327015146819,0.125,2,16,temperature_holdout_fold,event_within_1_checkup
2,0.2,0.3,C0_raw_hgb_w2,all_rows,0.2369017653473523,0.36363636363636365,4,11,temperature_holdout_fold,event_within_1_checkup
3,0.3,0.4,C0_raw_hgb_w2,all_rows,0.35662291530469936,0.42857142857142855,3,7,temperature_holdout_fold,event_within_1_checkup
4,0.4,0.5,C0_raw_hgb_w2,all_rows,0.4401080449343758,0.5,3,6,temperature_holdout_fold,event_within_1_checkup
5,0.5,0.6,C0_raw_hgb_w2,all_rows,0.558340474984215,0.5,4,8,temperature_holdout_fold,event_within_1_checkup
6,0.6,0.7,C0_raw_hgb_w2,all_rows,0.6583161695078087,1.0,2,2,temperature_holdout_fold,event_within_1_checkup
7,0.7,0.8,C0_raw_hgb_w2,all_rows,0.7545535962134312,0.875,7,8,temperature_holdout_fold,event_within_1_checkup
8,0.8,0.9,C0_raw_hgb_w2,all_rows,0.8562343821634266,0.8,8,10,temperature_holdout_fold,event_within_1_checkup
9,0.9,1.0,C0_raw_hgb_w2,all_rows,0.9612850934203014,0.8611111111111112,31,36,temperature_holdout_fold,event_within_1_checkup
0,0.0,0.1,C0_raw_hgb_w2,all_rows,0.0019771795576045224,0.013348164627363738,48,3596,voltage_window_holdout_fold,event_within_1_checkup
1,0.1,0.2,C0_raw_hgb_w2,all_rows,0.16836149754383659,0.35714285714285715,5,14,voltage_window_holdout_fold,event_within_1_checkup
2,0.2,0.3,C0_raw_hgb_w2,all_rows,0.25121296871395044,0.18518518518518517,5,27,voltage_window_holdout_fold,event_within_1_checkup
3,0.3,0.4,C0_raw_hgb_w2,all_rows,0.34231320531358805,0.36363636363636365,4,11,voltage_window_holdout_fold,event_within_1_checkup
4,0.4,0.5,C0_raw_hgb_w2,all_rows,0.43368240576459594,0.14285714285714285,1,7,voltage_window_holdout_fold,event_within_1_checkup
5,0.5,0.6,C0_raw_hgb_w2,all_rows,0.5447936288915696,0.13333333333333333,2,15,voltage_window_holdout_fold,event_within_1_checkup
6,0.6,0.7,C0_raw_hgb_w2,all_rows,0.64913524560532,0.5,8,16,voltage_window_holdout_fold,event_within_1_checkup
7,0.7,0.8,C0_raw_hgb_w2,all_rows,0.7440730785426916,0.5862068965517241,17,29,voltage_window_holdout_fold,event_within_1_checkup
8,0.8,0.9,C0_raw_hgb_w2,all_rows,0.8451532652343604,0.38461538461538464,10,26,voltage_window_holdout_fold,event_within_1_checkup
9,0.9,1.0,C0_raw_hgb_w2,all_rows,0.9712208520918859,0.8488372093023255,73,86,voltage_window_holdout_fold,event_within_1_checkup
0,0.0,0.1,C1_platt_logistic,all_rows,0.013143376301669795,0.09022556390977443,12,133,c_rate_holdout_fold,event_within_1_checkup
1,0.1,0.2,C1_platt_logistic,all_rows,0.14912608433674016,0.0,0,1,c_rate_holdout_fold,event_within_1_checkup
2,0.2,0.3,C1_platt_logistic,all_rows,0.2987256532508535,1.0,3,3,c_rate_holdout_fold,event_within_1_checkup
3,0.3,0.4,C1_platt_logistic,all_rows,0.3386958185820678,1.0,4,4,c_rate_holdout_fold,event_within_1_checkup
5,0.5,0.6,C1_platt_logistic,all_rows,0.5766634893737133,0.75,3,4,c_rate_holdout_fold,event_within_1_checkup
6,0.6,0.7,C1_platt_logistic,all_rows,0.6384935937087027,0.0,0,1,c_rate_holdout_fold,event_within_1_checkup
7,0.7,0.8,C1_platt_logistic,all_rows,0.7102473939643326,1.0,1,1,c_rate_holdout_fold,event_within_1_checkup
8,0.8,0.9,C1_platt_logistic,all_rows,0.8544959717749311,1.0,3,3,c_rate_holdout_fold,event_within_1_checkup
9,0.9,1.0,C1_platt_logistic,all_rows,0.9226102934352143,0.8571428571428571,6,7,c_rate_holdout_fold,event_within_1_checkup
0,0.0,0.1,C1_platt_logistic,all_rows,0.006715697851860874,0.008141493542953397,29,3562,condition_fold,event_within_1_checkup
1,0.1,0.2,C1_platt_logistic,all_rows,0.14359921808352788,0.1864406779661017,11,59,condition_fold,event_within_1_checkup
2,0.2,0.3,C1_platt_logistic,all_rows,0.23683780811098343,0.3888888888888889,14,36,condition_fold,event_within_1_checkup
3,0.3,0.4,C1_platt_logistic,all_rows,0.3501003008465526,0.35,7,20,condition_fold,event_within_1_checkup
4,0.4,0.5,C1_platt_logistic,all_rows,0.455645978702197,0.5238095238095238,11,21,condition_fold,event_within_1_checkup
5,0.5,0.6,C1_platt_logistic,all_rows,0.5579260241989655,0.5384615384615384,14,26,condition_fold,event_within_1_checkup
6,0.6,0.7,C1_platt_logistic,all_rows,0.6431099346643603,0.8125,13,16,condition_fold,event_within_1_checkup
7,0.7,0.8,C1_platt_logistic,all_rows,0.7406913742799492,0.75,15,20,condition_fold,event_within_1_checkup
8,0.8,0.9,C1_platt_logistic,all_rows,0.8493414913187388,0.8367346938775511,41,49,condition_fold,event_within_1_checkup
9,0.9,1.0,C1_platt_logistic,all_rows,0.9367693187059545,1.0,18,18,condition_fold,event_within_1_checkup
0,0.0,0.1,C1_platt_logistic,all_rows,0.006159810483030773,0.007352941176470588,5,680,profile_holdout_fold,event_within_1_checkup
1,0.1,0.2,C1_platt_logistic,all_rows,0.13210663766782063,0.07692307692307693,1,13,profile_holdout_fold,event_within_1_checkup
2,0.2,0.3,C1_platt_logistic,all_rows,0.22560041328025746,0.6666666666666666,2,3,profile_holdout_fold,event_within_1_checkup
4,0.4,0.5,C1_platt_logistic,all_rows,0.4608919242125258,0.6666666666666666,2,3,profile_holdout_fold,event_within_1_checkup
5,0.5,0.6,C1_platt_logistic,all_rows,0.539086673124083,0.0,0,4,profile_holdout_fold,event_within_1_checkup
6,0.6,0.7,C1_platt_logistic,all_rows,0.640334221791584,0.3333333333333333,1,3,profile_holdout_fold,event_within_1_checkup
7,0.7,0.8,C1_platt_logistic,all_rows,0.7532044235101321,0.2,1,5,profile_holdout_fold,event_within_1_checkup
8,0.8,0.9,C1_platt_logistic,all_rows,0.8524962116874099,0.3333333333333333,3,9,profile_holdout_fold,event_within_1_checkup
9,0.9,1.0,C1_platt_logistic,all_rows,0.9640533556644618,0.65625,21,32,profile_holdout_fold,event_within_1_checkup
0,0.0,0.1,C1_platt_logistic,all_rows,0.00225720741869373,0.016489988221436984,28,1698,temperature_holdout_fold,event_within_1_checkup
1,0.1,0.2,C1_platt_logistic,all_rows,0.14328823351617379,0.0625,1,16,temperature_holdout_fold,event_within_1_checkup
2,0.2,0.3,C1_platt_logistic,all_rows,0.24238270202723763,0.5,6,12,temperature_holdout_fold,event_within_1_checkup
3,0.3,0.4,C1_platt_logistic,all_rows,0.3434485464557969,0.42857142857142855,3,7,temperature_holdout_fold,event_within_1_checkup
4,0.4,0.5,C1_platt_logistic,all_rows,0.456207446602635,0.42857142857142855,3,7,temperature_holdout_fold,event_within_1_checkup
5,0.5,0.6,C1_platt_logistic,all_rows,0.5446549858930796,0.5,3,6,temperature_holdout_fold,event_within_1_checkup
6,0.6,0.7,C1_platt_logistic,all_rows,0.6222505958238129,1.0,2,2,temperature_holdout_fold,event_within_1_checkup
7,0.7,0.8,C1_platt_logistic,all_rows,0.73587297721767,0.875,7,8,temperature_holdout_fold,event_within_1_checkup
8,0.8,0.9,C1_platt_logistic,all_rows,0.8498693802976596,0.8333333333333334,10,12,temperature_holdout_fold,event_within_1_checkup
9,0.9,1.0,C1_platt_logistic,all_rows,0.9591973729928104,0.8529411764705882,29,34,temperature_holdout_fold,event_within_1_checkup
0,0.0,0.1,C1_platt_logistic,all_rows,0.005450563272450604,0.011179429849077696,40,3578,voltage_window_holdout_fold,event_within_1_checkup
1,0.1,0.2,C1_platt_logistic,all_rows,0.15146664452957195,0.3125,10,32,voltage_window_holdout_fold,event_within_1_checkup
2,0.2,0.3,C1_platt_logistic,all_rows,0.24929592422830593,0.25,7,28,voltage_window_holdout_fold,event_within_1_checkup
3,0.3,0.4,C1_platt_logistic,all_rows,0.351468372529445,0.24,6,25,voltage_window_holdout_fold,event_within_1_checkup
4,0.4,0.5,C1_platt_logistic,all_rows,0.44926645675811616,0.23076923076923078,3,13,voltage_window_holdout_fold,event_within_1_checkup
5,0.5,0.6,C1_platt_logistic,all_rows,0.5509814783522545,0.48717948717948717,19,39,voltage_window_holdout_fold,event_within_1_checkup
6,0.6,0.7,C1_platt_logistic,all_rows,0.6362961111786256,0.5555555555555556,10,18,voltage_window_holdout_fold,event_within_1_checkup
7,0.7,0.8,C1_platt_logistic,all_rows,0.7626896529577782,0.6666666666666666,10,15,voltage_window_holdout_fold,event_within_1_checkup
8,0.8,0.9,C1_platt_logistic,all_rows,0.8665661034654389,0.8043478260869565,37,46,voltage_window_holdout_fold,event_within_1_checkup
9,0.9,1.0,C1_platt_logistic,all_rows,0.9231577373451552,0.9393939393939394,31,33,voltage_window_holdout_fold,event_within_1_checkup
0,0.0,0.1,C2_isotonic,all_rows,0.0025621290020595394,0.09022556390977443,12,133,c_rate_holdout_fold,event_within_1_checkup
3,0.3,0.4,C2_isotonic,all_rows,0.3448275862068966,0.875,7,8,c_rate_holdout_fold,event_within_1_checkup
4,0.4,0.5,C2_isotonic,all_rows,0.42857142857142855,0.6,3,5,c_rate_holdout_fold,event_within_1_checkup
6,0.6,0.7,C2_isotonic,all_rows,0.6666666666666666,1.0,2,2,c_rate_holdout_fold,event_within_1_checkup
9,0.9,1.0,C2_isotonic,all_rows,0.9903929566532561,0.8888888888888888,8,9,c_rate_holdout_fold,event_within_1_checkup
0,0.0,0.1,C2_isotonic,all_rows,0.005105065727130611,0.007328072153325817,26,3548,condition_fold,event_within_1_checkup
1,0.1,0.2,C2_isotonic,all_rows,0.1430412013526216,0.3291139240506329,26,79,condition_fold,event_within_1_checkup
2,0.2,0.3,C2_isotonic,all_rows,0.2699805321586038,0.2857142857142857,12,42,condition_fold,event_within_1_checkup
4,0.4,0.5,C2_isotonic,all_rows,0.4375,0.8,12,15,condition_fold,event_within_1_checkup
5,0.5,0.6,C2_isotonic,all_rows,0.5598455598455598,0.2972972972972973,11,37,condition_fold,event_within_1_checkup
6,0.6,0.7,C2_isotonic,all_rows,0.6824512781048476,0.696969696969697,23,33,condition_fold,event_within_1_checkup
7,0.7,0.8,C2_isotonic,all_rows,0.7459653266516396,1.0,13,13,condition_fold,event_within_1_checkup
8,0.8,0.9,C2_isotonic,all_rows,0.8492826658464246,0.5454545454545454,6,11,condition_fold,event_within_1_checkup
9,0.9,1.0,C2_isotonic,all_rows,0.9691647996260804,0.8979591836734694,44,49,condition_fold,event_within_1_checkup
0,0.0,0.1,C2_isotonic,all_rows,1e-06,0.0045871559633027525,3,654,profile_holdout_fold,event_within_1_checkup
1,0.1,0.2,C2_isotonic,all_rows,0.13805135760282447,0.0,0,20,profile_holdout_fold,event_within_1_checkup
2,0.2,0.3,C2_isotonic,all_rows,0.2142260842420245,0.22727272727272727,5,22,profile_holdout_fold,event_within_1_checkup
4,0.4,0.5,C2_isotonic,all_rows,0.4000000000000001,0.6666666666666666,2,3,profile_holdout_fold,event_within_1_checkup
5,0.5,0.6,C2_isotonic,all_rows,0.5148518429572018,0.16666666666666666,1,6,profile_holdout_fold,event_within_1_checkup
7,0.7,0.8,C2_isotonic,all_rows,0.7777777777777778,0.3333333333333333,4,12,profile_holdout_fold,event_within_1_checkup
9,0.9,1.0,C2_isotonic,all_rows,0.9999989999999999,0.6,21,35,profile_holdout_fold,event_within_1_checkup
0,0.0,0.1,C2_isotonic,all_rows,0.000779789426430195,0.016489988221436984,28,1698,temperature_holdout_fold,event_within_1_checkup
1,0.1,0.2,C2_isotonic,all_rows,0.19267570499101597,0.0,0,1,temperature_holdout_fold,event_within_1_checkup
2,0.2,0.3,C2_isotonic,all_rows,0.22770535868456557,0.0,0,3,temperature_holdout_fold,event_within_1_checkup
3,0.3,0.4,C2_isotonic,all_rows,0.3171685838647268,0.3684210526315789,7,19,temperature_holdout_fold,event_within_1_checkup
5,0.5,0.6,C2_isotonic,all_rows,0.5193692373283286,0.45161290322580644,14,31,temperature_holdout_fold,event_within_1_checkup
6,0.6,0.7,C2_isotonic,all_rows,0.6666666666666666,0.5,2,4,temperature_holdout_fold,event_within_1_checkup
8,0.8,0.9,C2_isotonic,all_rows,0.8571428571428571,1.0,9,9,temperature_holdout_fold,event_within_1_checkup
9,0.9,1.0,C2_isotonic,all_rows,0.9968488948866939,0.8648648648648649,32,37,temperature_holdout_fold,event_within_1_checkup
0,0.0,0.1,C2_isotonic,all_rows,0.0022523675578894117,0.0087595365922577,31,3539,voltage_window_holdout_fold,event_within_1_checkup
1,0.1,0.2,C2_isotonic,all_rows,0.11872629591936262,0.10638297872340426,5,47,voltage_window_holdout_fold,event_within_1_checkup
2,0.2,0.3,C2_isotonic,all_rows,0.2503902105018261,0.3717948717948718,29,78,voltage_window_holdout_fold,event_within_1_checkup
3,0.3,0.4,C2_isotonic,all_rows,0.33900353166457853,0.75,6,8,voltage_window_holdout_fold,event_within_1_checkup
4,0.4,0.5,C2_isotonic,all_rows,0.4578216881004114,0.5,3,6,voltage_window_holdout_fold,event_within_1_checkup
5,0.5,0.6,C2_isotonic,all_rows,0.5339590558790955,0.625,5,8,voltage_window_holdout_fold,event_within_1_checkup
6,0.6,0.7,C2_isotonic,all_rows,0.6643062372345947,0.7692307692307693,10,13,voltage_window_holdout_fold,event_within_1_checkup
7,0.7,0.8,C2_isotonic,all_rows,0.729204365210049,0.32653061224489793,16,49,voltage_window_holdout_fold,event_within_1_checkup
8,0.8,0.9,C2_isotonic,all_rows,0.8716185072643151,0.75,24,32,voltage_window_holdout_fold,event_within_1_checkup
9,0.9,1.0,C2_isotonic,all_rows,0.9943466416869806,0.9361702127659575,44,47,voltage_window_holdout_fold,event_within_1_checkup
0,0.0,0.1,C0_raw_hgb_w2,verified_only,0.003573695008658419,0.075,9,120,c_rate_holdout_fold,event_within_1_checkup
1,0.1,0.2,C0_raw_hgb_w2,verified_only,0.1259328468805818,1.0,2,2,c_rate_holdout_fold,event_within_1_checkup
2,0.2,0.3,C0_raw_hgb_w2,verified_only,0.24915988283366214,0.75,3,4,c_rate_holdout_fold,event_within_1_checkup
3,0.3,0.4,C0_raw_hgb_w2,verified_only,0.3299369712704706,0.6666666666666666,2,3,c_rate_holdout_fold,event_within_1_checkup
4,0.4,0.5,C0_raw_hgb_w2,verified_only,0.4045911743526785,1.0,1,1,c_rate_holdout_fold,event_within_1_checkup
5,0.5,0.6,C0_raw_hgb_w2,verified_only,0.5651158137323683,0.5,1,2,c_rate_holdout_fold,event_within_1_checkup
6,0.6,0.7,C0_raw_hgb_w2,verified_only,0.6354470666937083,0.0,0,2,c_rate_holdout_fold,event_within_1_checkup
7,0.7,0.8,C0_raw_hgb_w2,verified_only,0.7655768075994868,1.0,1,1,c_rate_holdout_fold,event_within_1_checkup
8,0.8,0.9,C0_raw_hgb_w2,verified_only,0.8699966258668701,1.0,1,1,c_rate_holdout_fold,event_within_1_checkup
9,0.9,1.0,C0_raw_hgb_w2,verified_only,0.9692927871345972,1.0,12,12,c_rate_holdout_fold,event_within_1_checkup
0,0.0,0.1,C0_raw_hgb_w2,verified_only,0.004556024275894596,0.011899313501144164,26,2185,condition_fold,event_within_1_checkup
1,0.1,0.2,C0_raw_hgb_w2,verified_only,0.15391653090215943,0.32432432432432434,12,37,condition_fold,event_within_1_checkup
2,0.2,0.3,C0_raw_hgb_w2,verified_only,0.24820316642092394,0.15,3,20,condition_fold,event_within_1_checkup
3,0.3,0.4,C0_raw_hgb_w2,verified_only,0.3312132713857155,0.6428571428571429,9,14,condition_fold,event_within_1_checkup
4,0.4,0.5,C0_raw_hgb_w2,verified_only,0.4453348742237409,0.42105263157894735,8,19,condition_fold,event_within_1_checkup
5,0.5,0.6,C0_raw_hgb_w2,verified_only,0.5521917298205336,0.5714285714285714,12,21,condition_fold,event_within_1_checkup
6,0.6,0.7,C0_raw_hgb_w2,verified_only,0.6514301371862145,0.5,9,18,condition_fold,event_within_1_checkup
7,0.7,0.8,C0_raw_hgb_w2,verified_only,0.7542307608725881,0.29411764705882354,5,17,condition_fold,event_within_1_checkup
8,0.8,0.9,C0_raw_hgb_w2,verified_only,0.8568923949099084,0.6875,11,16,condition_fold,event_within_1_checkup
9,0.9,1.0,C0_raw_hgb_w2,verified_only,0.9668446154022072,0.9069767441860465,78,86,condition_fold,event_within_1_checkup
0,0.0,0.1,C0_raw_hgb_w2,verified_only,0.001918882982882845,0.008695652173913044,6,690,profile_holdout_fold,event_within_1_checkup
1,0.1,0.2,C0_raw_hgb_w2,verified_only,0.12804530790998406,0.3333333333333333,2,6,profile_holdout_fold,event_within_1_checkup
2,0.2,0.3,C0_raw_hgb_w2,verified_only,0.29308876538755696,0.0,0,1,profile_holdout_fold,event_within_1_checkup
3,0.3,0.4,C0_raw_hgb_w2,verified_only,0.3207445449106371,1.0,1,1,profile_holdout_fold,event_within_1_checkup
4,0.4,0.5,C0_raw_hgb_w2,verified_only,0.4777285174543512,0.0,0,1,profile_holdout_fold,event_within_1_checkup
5,0.5,0.6,C0_raw_hgb_w2,verified_only,0.5426851977690775,1.0,1,1,profile_holdout_fold,event_within_1_checkup
7,0.7,0.8,C0_raw_hgb_w2,verified_only,0.7675407195845132,0.0,0,3,profile_holdout_fold,event_within_1_checkup
8,0.8,0.9,C0_raw_hgb_w2,verified_only,0.864748442046763,0.2222222222222222,2,9,profile_holdout_fold,event_within_1_checkup
9,0.9,1.0,C0_raw_hgb_w2,verified_only,0.9708789280609535,0.6,24,40,profile_holdout_fold,event_within_1_checkup
0,0.0,0.1,C0_raw_hgb_w2,verified_only,0.004230467989307422,0.02280701754385965,26,1140,temperature_holdout_fold,event_within_1_checkup
1,0.1,0.2,C0_raw_hgb_w2,verified_only,0.15383280612245004,0.3125,5,16,temperature_holdout_fold,event_within_1_checkup
2,0.2,0.3,C0_raw_hgb_w2,verified_only,0.2756664008798018,0.0,0,6,temperature_holdout_fold,event_within_1_checkup
3,0.3,0.4,C0_raw_hgb_w2,verified_only,0.32807275644312284,0.5,4,8,temperature_holdout_fold,event_within_1_checkup
4,0.4,0.5,C0_raw_hgb_w2,verified_only,0.4442967739540112,0.16666666666666666,1,6,temperature_holdout_fold,event_within_1_checkup
5,0.5,0.6,C0_raw_hgb_w2,verified_only,0.5498036578490983,0.2,1,5,temperature_holdout_fold,event_within_1_checkup
6,0.6,0.7,C0_raw_hgb_w2,verified_only,0.6335835087097238,0.5,3,6,temperature_holdout_fold,event_within_1_checkup
7,0.7,0.8,C0_raw_hgb_w2,verified_only,0.7695715220188717,0.5,1,2,temperature_holdout_fold,event_within_1_checkup
8,0.8,0.9,C0_raw_hgb_w2,verified_only,0.8469407174807183,0.6666666666666666,8,12,temperature_holdout_fold,event_within_1_checkup
9,0.9,1.0,C0_raw_hgb_w2,verified_only,0.9571764603567462,0.8431372549019608,43,51,temperature_holdout_fold,event_within_1_checkup
0,0.0,0.1,C0_raw_hgb_w2,verified_only,0.004893352130525092,0.015242494226327945,33,2165,voltage_window_holdout_fold,event_within_1_checkup
1,0.1,0.2,C0_raw_hgb_w2,verified_only,0.1306728916071383,0.3,15,50,voltage_window_holdout_fold,event_within_1_checkup
2,0.2,0.3,C0_raw_hgb_w2,verified_only,0.2368332799311456,0.32142857142857145,9,28,voltage_window_holdout_fold,event_within_1_checkup
3,0.3,0.4,C0_raw_hgb_w2,verified_only,0.33928892327185506,0.5555555555555556,10,18,voltage_window_holdout_fold,event_within_1_checkup
4,0.4,0.5,C0_raw_hgb_w2,verified_only,0.44431501046694516,0.6666666666666666,4,6,voltage_window_holdout_fold,event_within_1_checkup
5,0.5,0.6,C0_raw_hgb_w2,verified_only,0.5339460882709449,0.42857142857142855,3,7,voltage_window_holdout_fold,event_within_1_checkup
6,0.6,0.7,C0_raw_hgb_w2,verified_only,0.6726865822746146,0.4,2,5,voltage_window_holdout_fold,event_within_1_checkup
7,0.7,0.8,C0_raw_hgb_w2,verified_only,0.7666541230142021,0.16666666666666666,3,18,voltage_window_holdout_fold,event_within_1_checkup
8,0.8,0.9,C0_raw_hgb_w2,verified_only,0.8539142336051022,0.45,9,20,voltage_window_holdout_fold,event_within_1_checkup
9,0.9,1.0,C0_raw_hgb_w2,verified_only,0.9561245050401816,0.7327586206896551,85,116,voltage_window_holdout_fold,event_within_1_checkup
0,0.0,0.1,C1_platt_logistic,verified_only,0.0014189759115337932,0.08943089430894309,11,123,c_rate_holdout_fold,event_within_1_checkup
1,0.1,0.2,C1_platt_logistic,verified_only,0.1547418921958618,0.75,3,4,c_rate_holdout_fold,event_within_1_checkup
2,0.2,0.3,C1_platt_logistic,verified_only,0.24254860362881775,1.0,2,2,c_rate_holdout_fold,event_within_1_checkup
3,0.3,0.4,C1_platt_logistic,verified_only,0.3359084793957945,1.0,1,1,c_rate_holdout_fold,event_within_1_checkup
5,0.5,0.6,C1_platt_logistic,verified_only,0.567065163033373,0.0,0,1,c_rate_holdout_fold,event_within_1_checkup
6,0.6,0.7,C1_platt_logistic,verified_only,0.6483646074428306,1.0,1,1,c_rate_holdout_fold,event_within_1_checkup
7,0.7,0.8,C1_platt_logistic,verified_only,0.7206668517753027,0.0,0,2,c_rate_holdout_fold,event_within_1_checkup
8,0.8,0.9,C1_platt_logistic,verified_only,0.8842907932133044,1.0,1,1,c_rate_holdout_fold,event_within_1_checkup
9,0.9,1.0,C1_platt_logistic,verified_only,0.9943793832924617,1.0,13,13,c_rate_holdout_fold,event_within_1_checkup
0,0.0,0.1,C1_platt_logistic,verified_only,0.01057529879473062,0.009478672985781991,20,2110,condition_fold,event_within_1_checkup
1,0.1,0.2,C1_platt_logistic,verified_only,0.14351957437744836,0.13432835820895522,9,67,condition_fold,event_within_1_checkup
2,0.2,0.3,C1_platt_logistic,verified_only,0.24861641399732134,0.08823529411764706,3,34,condition_fold,event_within_1_checkup
3,0.3,0.4,C1_platt_logistic,verified_only,0.34081184498434175,0.3103448275862069,9,29,condition_fold,event_within_1_checkup
4,0.4,0.5,C1_platt_logistic,verified_only,0.4403696532273259,0.36,9,25,condition_fold,event_within_1_checkup
5,0.5,0.6,C1_platt_logistic,verified_only,0.5451054962463897,0.36,9,25,condition_fold,event_within_1_checkup
6,0.6,0.7,C1_platt_logistic,verified_only,0.6415124793874125,0.56,14,25,condition_fold,event_within_1_checkup
7,0.7,0.8,C1_platt_logistic,verified_only,0.750932073119919,0.5555555555555556,10,18,condition_fold,event_within_1_checkup
8,0.8,0.9,C1_platt_logistic,verified_only,0.8467654125922434,0.7567567567567568,28,37,condition_fold,event_within_1_checkup
9,0.9,1.0,C1_platt_logistic,verified_only,0.9616701568120715,0.9841269841269841,62,63,condition_fold,event_within_1_checkup
0,0.0,0.1,C1_platt_logistic,verified_only,0.0076854088742100745,0.0044444444444444444,3,675,profile_holdout_fold,event_within_1_checkup
1,0.1,0.2,C1_platt_logistic,verified_only,0.14047323903329262,0.375,3,8,profile_holdout_fold,event_within_1_checkup
2,0.2,0.3,C1_platt_logistic,verified_only,0.24337134947463981,0.0,0,7,profile_holdout_fold,event_within_1_checkup
3,0.3,0.4,C1_platt_logistic,verified_only,0.35593754785684695,0.3333333333333333,2,6,profile_holdout_fold,event_within_1_checkup
5,0.5,0.6,C1_platt_logistic,verified_only,0.5768673085104894,0.5,1,2,profile_holdout_fold,event_within_1_checkup
7,0.7,0.8,C1_platt_logistic,verified_only,0.7324458780813745,0.5,1,2,profile_holdout_fold,event_within_1_checkup
8,0.8,0.9,C1_platt_logistic,verified_only,0.875631768448732,0.0,0,3,profile_holdout_fold,event_within_1_checkup
9,0.9,1.0,C1_platt_logistic,verified_only,0.969188038389918,0.5306122448979592,26,49,profile_holdout_fold,event_within_1_checkup
0,0.0,0.1,C1_platt_logistic,verified_only,0.01570489205423322,0.021798365122615803,24,1101,temperature_holdout_fold,event_within_1_checkup
1,0.1,0.2,C1_platt_logistic,verified_only,0.13522166671543065,0.06818181818181818,3,44,temperature_holdout_fold,event_within_1_checkup
2,0.2,0.3,C1_platt_logistic,verified_only,0.24800999316047823,0.25,3,12,temperature_holdout_fold,event_within_1_checkup
3,0.3,0.4,C1_platt_logistic,verified_only,0.3546523996547768,0.375,3,8,temperature_holdout_fold,event_within_1_checkup
4,0.4,0.5,C1_platt_logistic,verified_only,0.43396763140521494,0.4,4,10,temperature_holdout_fold,event_within_1_checkup
5,0.5,0.6,C1_platt_logistic,verified_only,0.5438187590065531,0.375,3,8,temperature_holdout_fold,event_within_1_checkup
6,0.6,0.7,C1_platt_logistic,verified_only,0.636471574803309,0.5,5,10,temperature_holdout_fold,event_within_1_checkup
7,0.7,0.8,C1_platt_logistic,verified_only,0.7629273543126831,0.6666666666666666,12,18,temperature_holdout_fold,event_within_1_checkup
8,0.8,0.9,C1_platt_logistic,verified_only,0.8649741235589802,0.9259259259259259,25,27,temperature_holdout_fold,event_within_1_checkup
9,0.9,1.0,C1_platt_logistic,verified_only,0.9293887103345938,0.7142857142857143,10,14,temperature_holdout_fold,event_within_1_checkup
0,0.0,0.1,C1_platt_logistic,verified_only,0.012354815136464232,0.013365155131264916,28,2095,voltage_window_holdout_fold,event_within_1_checkup
1,0.1,0.2,C1_platt_logistic,verified_only,0.14676013534366117,0.11578947368421053,11,95,voltage_window_holdout_fold,event_within_1_checkup
2,0.2,0.3,C1_platt_logistic,verified_only,0.24368372541578487,0.3076923076923077,12,39,voltage_window_holdout_fold,event_within_1_checkup
3,0.3,0.4,C1_platt_logistic,verified_only,0.3570605355280367,0.4,10,25,voltage_window_holdout_fold,event_within_1_checkup
4,0.4,0.5,C1_platt_logistic,verified_only,0.43944173893816335,0.631578947368421,12,19,voltage_window_holdout_fold,event_within_1_checkup
5,0.5,0.6,C1_platt_logistic,verified_only,0.5482369114342375,0.42857142857142855,3,7,voltage_window_holdout_fold,event_within_1_checkup
6,0.6,0.7,C1_platt_logistic,verified_only,0.650978329200559,0.21739130434782608,5,23,voltage_window_holdout_fold,event_within_1_checkup
7,0.7,0.8,C1_platt_logistic,verified_only,0.7566291947155902,0.46153846153846156,6,13,voltage_window_holdout_fold,event_within_1_checkup
8,0.8,0.9,C1_platt_logistic,verified_only,0.8609592160757563,0.5909090909090909,39,66,voltage_window_holdout_fold,event_within_1_checkup
9,0.9,1.0,C1_platt_logistic,verified_only,0.9216573571588697,0.9215686274509803,47,51,voltage_window_holdout_fold,event_within_1_checkup
0,0.0,0.1,C2_isotonic,verified_only,1e-06,0.08264462809917356,10,121,c_rate_holdout_fold,event_within_1_checkup
1,0.1,0.2,C2_isotonic,verified_only,0.13328746669394606,0.7777777777777778,7,9,c_rate_holdout_fold,event_within_1_checkup
3,0.3,0.4,C2_isotonic,verified_only,0.3333333333333333,0.0,0,1,c_rate_holdout_fold,event_within_1_checkup
9,0.9,1.0,C2_isotonic,verified_only,0.999999,0.8823529411764706,15,17,c_rate_holdout_fold,event_within_1_checkup
0,0.0,0.1,C2_isotonic,verified_only,0.006084384131748469,0.011358258400378608,24,2113,condition_fold,event_within_1_checkup
1,0.1,0.2,C2_isotonic,verified_only,0.14716518645298785,0.0,0,12,condition_fold,event_within_1_checkup
2,0.2,0.3,C2_isotonic,verified_only,0.2386107183711168,0.1111111111111111,2,18,condition_fold,event_within_1_checkup
3,0.3,0.4,C2_isotonic,verified_only,0.3381588181031537,0.17105263157894737,13,76,condition_fold,event_within_1_checkup
4,0.4,0.5,C2_isotonic,verified_only,0.448194040823049,0.25,1,4,condition_fold,event_within_1_checkup
5,0.5,0.6,C2_isotonic,verified_only,0.5324162678259157,0.34545454545454546,19,55,condition_fold,event_within_1_checkup
6,0.6,0.7,C2_isotonic,verified_only,0.6303075101605521,0.5416666666666666,26,48,condition_fold,event_within_1_checkup
7,0.7,0.8,C2_isotonic,verified_only,0.733911818395106,0.6176470588235294,21,34,condition_fold,event_within_1_checkup
8,0.8,0.9,C2_isotonic,verified_only,0.8219230912779578,0.6666666666666666,10,15,condition_fold,event_within_1_checkup
9,0.9,1.0,C2_isotonic,verified_only,0.9998774701445992,0.9827586206896551,57,58,condition_fold,event_within_1_checkup
0,0.0,0.1,C2_isotonic,verified_only,0.0017626279297502415,0.0044444444444444444,3,675,profile_holdout_fold,event_within_1_checkup
1,0.1,0.2,C2_isotonic,verified_only,0.12329714496739289,0.3,3,10,profile_holdout_fold,event_within_1_checkup
5,0.5,0.6,C2_isotonic,verified_only,0.5416666666666666,0.21428571428571427,3,14,profile_holdout_fold,event_within_1_checkup
6,0.6,0.7,C2_isotonic,verified_only,0.6237356137537405,1.0,1,1,profile_holdout_fold,event_within_1_checkup
9,0.9,1.0,C2_isotonic,verified_only,0.999999,0.5,26,52,profile_holdout_fold,event_within_1_checkup
0,0.0,0.1,C2_isotonic,verified_only,0.01929914060700976,0.02276707530647986,26,1142,temperature_holdout_fold,event_within_1_checkup
1,0.1,0.2,C2_isotonic,verified_only,0.128848472340411,0.3076923076923077,8,26,temperature_holdout_fold,event_within_1_checkup
2,0.2,0.3,C2_isotonic,verified_only,0.25,0.3333333333333333,2,6,temperature_holdout_fold,event_within_1_checkup
3,0.3,0.4,C2_isotonic,verified_only,0.31317043066720784,0.7777777777777778,7,9,temperature_holdout_fold,event_within_1_checkup
7,0.7,0.8,C2_isotonic,verified_only,0.7245809831784271,0.0,0,1,temperature_holdout_fold,event_within_1_checkup
9,0.9,1.0,C2_isotonic,verified_only,0.9986231194316798,0.7205882352941176,49,68,temperature_holdout_fold,event_within_1_checkup
0,0.0,0.1,C2_isotonic,verified_only,0.011261815414381237,0.010842779694430755,22,2029,voltage_window_holdout_fold,event_within_1_checkup
1,0.1,0.2,C2_isotonic,verified_only,0.1385670221466493,0.0,0,42,voltage_window_holdout_fold,event_within_1_checkup
2,0.2,0.3,C2_isotonic,verified_only,0.23487351148889202,0.2512820512820513,49,195,voltage_window_holdout_fold,event_within_1_checkup
4,0.4,0.5,C2_isotonic,verified_only,0.41935483870967744,1.0,1,1,voltage_window_holdout_fold,event_within_1_checkup
5,0.5,0.6,C2_isotonic,verified_only,0.53821277860198,0.2564102564102564,10,39,voltage_window_holdout_fold,event_within_1_checkup
6,0.6,0.7,C2_isotonic,verified_only,0.6580397059937019,0.16666666666666666,1,6,voltage_window_holdout_fold,event_within_1_checkup
7,0.7,0.8,C2_isotonic,verified_only,0.7975764348268224,1.0,1,1,voltage_window_holdout_fold,event_within_1_checkup
8,0.8,0.9,C2_isotonic,verified_only,0.8729147243790824,0.5454545454545454,36,66,voltage_window_holdout_fold,event_within_1_checkup
9,0.9,1.0,C2_isotonic,verified_only,0.9996090802591753,0.9814814814814815,53,54,voltage_window_holdout_fold,event_within_1_checkup
0,0.0,0.1,C0_raw_hgb_w2,all_rows,0.022426016072606678,0.16494845360824742,16,97,c_rate_holdout_fold,event_within_2_checkups
1,0.1,0.2,C0_raw_hgb_w2,all_rows,0.14434605102893008,0.7272727272727273,8,11,c_rate_holdout_fold,event_within_2_checkups
2,0.2,0.3,C0_raw_hgb_w2,all_rows,0.24245222783307216,1.0,3,3,c_rate_holdout_fold,event_within_2_checkups
3,0.3,0.4,C0_raw_hgb_w2,all_rows,0.3533449821654817,1.0,1,1,c_rate_holdout_fold,event_within_2_checkups
4,0.4,0.5,C0_raw_hgb_w2,all_rows,0.452020615168789,0.5,4,8,c_rate_holdout_fold,event_within_2_checkups
5,0.5,0.6,C0_raw_hgb_w2,all_rows,0.5954254080230565,0.3333333333333333,1,3,c_rate_holdout_fold,event_within_2_checkups
6,0.6,0.7,C0_raw_hgb_w2,all_rows,0.6008068034242771,1.0,2,2,c_rate_holdout_fold,event_within_2_checkups
7,0.7,0.8,C0_raw_hgb_w2,all_rows,0.7789972959252996,1.0,2,2,c_rate_holdout_fold,event_within_2_checkups
8,0.8,0.9,C0_raw_hgb_w2,all_rows,0.864171780297736,0.8461538461538461,11,13,c_rate_holdout_fold,event_within_2_checkups
9,0.9,1.0,C0_raw_hgb_w2,all_rows,0.9736869542908295,0.9411764705882353,16,17,c_rate_holdout_fold,event_within_2_checkups
0,0.0,0.1,C0_raw_hgb_w2,all_rows,0.004895912030126938,0.013349514563106795,44,3296,condition_fold,event_within_2_checkups
1,0.1,0.2,C0_raw_hgb_w2,all_rows,0.15305759516556575,0.24691358024691357,20,81,condition_fold,event_within_2_checkups
2,0.2,0.3,C0_raw_hgb_w2,all_rows,0.23367959363027127,0.1,4,40,condition_fold,event_within_2_checkups
3,0.3,0.4,C0_raw_hgb_w2,all_rows,0.3551853378293639,0.15151515151515152,5,33,condition_fold,event_within_2_checkups
4,0.4,0.5,C0_raw_hgb_w2,all_rows,0.440030864930203,0.5172413793103449,15,29,condition_fold,event_within_2_checkups
5,0.5,0.6,C0_raw_hgb_w2,all_rows,0.5529139454749825,0.3870967741935484,12,31,condition_fold,event_within_2_checkups
6,0.6,0.7,C0_raw_hgb_w2,all_rows,0.6605247209672851,0.525,21,40,condition_fold,event_within_2_checkups
7,0.7,0.8,C0_raw_hgb_w2,all_rows,0.754949258644108,0.625,25,40,condition_fold,event_within_2_checkups
8,0.8,0.9,C0_raw_hgb_w2,all_rows,0.8606297861252804,0.6923076923076923,36,52,condition_fold,event_within_2_checkups
9,0.9,1.0,C0_raw_hgb_w2,all_rows,0.9675915201071059,0.8864864864864865,164,185,condition_fold,event_within_2_checkups
0,0.0,0.1,C0_raw_hgb_w2,all_rows,0.009269903246616286,0.017350157728706624,11,634,profile_holdout_fold,event_within_2_checkups
1,0.1,0.2,C0_raw_hgb_w2,all_rows,0.130097974629288,0.4,2,5,profile_holdout_fold,event_within_2_checkups
2,0.2,0.3,C0_raw_hgb_w2,all_rows,0.2556162369500238,0.0,0,8,profile_holdout_fold,event_within_2_checkups
3,0.3,0.4,C0_raw_hgb_w2,all_rows,0.3353829530879272,0.0,0,8,profile_holdout_fold,event_within_2_checkups
4,0.4,0.5,C0_raw_hgb_w2,all_rows,0.43408949348314674,0.5,1,2,profile_holdout_fold,event_within_2_checkups
5,0.5,0.6,C0_raw_hgb_w2,all_rows,0.5634321497132755,0.4,2,5,profile_holdout_fold,event_within_2_checkups
6,0.6,0.7,C0_raw_hgb_w2,all_rows,0.6487263029425118,0.5,2,4,profile_holdout_fold,event_within_2_checkups
7,0.7,0.8,C0_raw_hgb_w2,all_rows,0.7622683072760083,0.18181818181818182,2,11,profile_holdout_fold,event_within_2_checkups
8,0.8,0.9,C0_raw_hgb_w2,all_rows,0.8627335109111954,0.3333333333333333,4,12,profile_holdout_fold,event_within_2_checkups
9,0.9,1.0,C0_raw_hgb_w2,all_rows,0.945895918232416,0.7619047619047619,48,63,profile_holdout_fold,event_within_2_checkups
0,0.0,0.1,C0_raw_hgb_w2,all_rows,0.004179353752991283,0.02765556253928347,44,1591,temperature_holdout_fold,event_within_2_checkups
1,0.1,0.2,C0_raw_hgb_w2,all_rows,0.1404651775636302,0.16666666666666666,3,18,temperature_holdout_fold,event_within_2_checkups
2,0.2,0.3,C0_raw_hgb_w2,all_rows,0.23597010723003287,0.3888888888888889,7,18,temperature_holdout_fold,event_within_2_checkups
3,0.3,0.4,C0_raw_hgb_w2,all_rows,0.3506836349509648,0.5,1,2,temperature_holdout_fold,event_within_2_checkups
4,0.4,0.5,C0_raw_hgb_w2,all_rows,0.4300091164819866,0.18181818181818182,2,11,temperature_holdout_fold,event_within_2_checkups
5,0.5,0.6,C0_raw_hgb_w2,all_rows,0.5515149095450211,0.38461538461538464,5,13,temperature_holdout_fold,event_within_2_checkups
6,0.6,0.7,C0_raw_hgb_w2,all_rows,0.6600639690310374,0.75,3,4,temperature_holdout_fold,event_within_2_checkups
7,0.7,0.8,C0_raw_hgb_w2,all_rows,0.7665907257248592,0.3333333333333333,3,9,temperature_holdout_fold,event_within_2_checkups
8,0.8,0.9,C0_raw_hgb_w2,all_rows,0.8416399742866861,0.5882352941176471,10,17,temperature_holdout_fold,event_within_2_checkups
9,0.9,1.0,C0_raw_hgb_w2,all_rows,0.9694273384638201,0.8907563025210085,106,119,temperature_holdout_fold,event_within_2_checkups
0,0.0,0.1,C0_raw_hgb_w2,all_rows,0.005195461496876422,0.034502587694077054,120,3478,voltage_window_holdout_fold,event_within_2_checkups
1,0.1,0.2,C0_raw_hgb_w2,all_rows,0.1588111509098077,0.4117647058823529,21,51,voltage_window_holdout_fold,event_within_2_checkups
2,0.2,0.3,C0_raw_hgb_w2,all_rows,0.24958166880972454,0.37254901960784315,19,51,voltage_window_holdout_fold,event_within_2_checkups
3,0.3,0.4,C0_raw_hgb_w2,all_rows,0.3522491903222496,0.5111111111111111,23,45,voltage_window_holdout_fold,event_within_2_checkups
4,0.4,0.5,C0_raw_hgb_w2,all_rows,0.41933262747143685,0.7,14,20,voltage_window_holdout_fold,event_within_2_checkups
5,0.5,0.6,C0_raw_hgb_w2,all_rows,0.5539131849177965,1.0,9,9,voltage_window_holdout_fold,event_within_2_checkups
6,0.6,0.7,C0_raw_hgb_w2,all_rows,0.6477539057239214,1.0,6,6,voltage_window_holdout_fold,event_within_2_checkups
7,0.7,0.8,C0_raw_hgb_w2,all_rows,0.752876085520631,0.4827586206896552,14,29,voltage_window_holdout_fold,event_within_2_checkups
8,0.8,0.9,C0_raw_hgb_w2,all_rows,0.8488675154757391,0.6060606060606061,20,33,voltage_window_holdout_fold,event_within_2_checkups
9,0.9,1.0,C0_raw_hgb_w2,all_rows,0.960443022965908,0.9523809523809523,100,105,voltage_window_holdout_fold,event_within_2_checkups
0,0.0,0.1,C1_platt_logistic,all_rows,0.02762059566495805,0.1,8,80,c_rate_holdout_fold,event_within_2_checkups
1,0.1,0.2,C1_platt_logistic,all_rows,0.15759800038239838,0.5454545454545454,12,22,c_rate_holdout_fold,event_within_2_checkups
2,0.2,0.3,C1_platt_logistic,all_rows,0.2460886948409763,0.7777777777777778,7,9,c_rate_holdout_fold,event_within_2_checkups
3,0.3,0.4,C1_platt_logistic,all_rows,0.36836685309888884,1.0,1,1,c_rate_holdout_fold,event_within_2_checkups
4,0.4,0.5,C1_platt_logistic,all_rows,0.4350758726055649,0.5,4,8,c_rate_holdout_fold,event_within_2_checkups
5,0.5,0.6,C1_platt_logistic,all_rows,0.5339393165763839,0.6,3,5,c_rate_holdout_fold,event_within_2_checkups
6,0.6,0.7,C1_platt_logistic,all_rows,0.6725968543353356,1.0,2,2,c_rate_holdout_fold,event_within_2_checkups
7,0.7,0.8,C1_platt_logistic,all_rows,0.75423708015966,0.8461538461538461,11,13,c_rate_holdout_fold,event_within_2_checkups
8,0.8,0.9,C1_platt_logistic,all_rows,0.8512191589469987,0.75,3,4,c_rate_holdout_fold,event_within_2_checkups
9,0.9,1.0,C1_platt_logistic,all_rows,0.9365041220141482,1.0,13,13,c_rate_holdout_fold,event_within_2_checkups
0,0.0,0.1,C1_platt_logistic,all_rows,0.009530151898217721,0.011631466176920723,38,3267,condition_fold,event_within_2_checkups
1,0.1,0.2,C1_platt_logistic,all_rows,0.1490008177985151,0.25688073394495414,28,109,condition_fold,event_within_2_checkups
2,0.2,0.3,C1_platt_logistic,all_rows,0.2533423108093246,0.125,6,48,condition_fold,event_within_2_checkups
3,0.3,0.4,C1_platt_logistic,all_rows,0.34824150480131694,0.2558139534883721,11,43,condition_fold,event_within_2_checkups
4,0.4,0.5,C1_platt_logistic,all_rows,0.4462305346147677,0.3076923076923077,12,39,condition_fold,event_within_2_checkups
5,0.5,0.6,C1_platt_logistic,all_rows,0.549479585301363,0.5348837209302325,23,43,condition_fold,event_within_2_checkups
6,0.6,0.7,C1_platt_logistic,all_rows,0.6468108763776276,0.5853658536585366,24,41,condition_fold,event_within_2_checkups
7,0.7,0.8,C1_platt_logistic,all_rows,0.7547255547934868,0.8412698412698413,53,63,condition_fold,event_within_2_checkups
8,0.8,0.9,C1_platt_logistic,all_rows,0.8563851702627966,0.8526315789473684,81,95,condition_fold,event_within_2_checkups
9,0.9,1.0,C1_platt_logistic,all_rows,0.9445422889790167,0.8860759493670886,70,79,condition_fold,event_within_2_checkups
0,0.0,0.1,C1_platt_logistic,all_rows,0.0056126223382165115,0.0203125,13,640,profile_holdout_fold,event_within_2_checkups
1,0.1,0.2,C1_platt_logistic,all_rows,0.14082227974082645,0.0625,1,16,profile_holdout_fold,event_within_2_checkups
2,0.2,0.3,C1_platt_logistic,all_rows,0.2620395646432258,0.6666666666666666,2,3,profile_holdout_fold,event_within_2_checkups
3,0.3,0.4,C1_platt_logistic,all_rows,0.34059321434760464,0.2857142857142857,2,7,profile_holdout_fold,event_within_2_checkups
4,0.4,0.5,C1_platt_logistic,all_rows,0.4695162368194758,0.2857142857142857,2,7,profile_holdout_fold,event_within_2_checkups
5,0.5,0.6,C1_platt_logistic,all_rows,0.5468853766525956,0.0,0,7,profile_holdout_fold,event_within_2_checkups
6,0.6,0.7,C1_platt_logistic,all_rows,0.645244386664,0.4444444444444444,4,9,profile_holdout_fold,event_within_2_checkups
7,0.7,0.8,C1_platt_logistic,all_rows,0.7557213899597683,0.6818181818181818,15,22,profile_holdout_fold,event_within_2_checkups
8,0.8,0.9,C1_platt_logistic,all_rows,0.8422647014341091,0.8048780487804879,33,41,profile_holdout_fold,event_within_2_checkups
0,0.0,0.1,C1_platt_logistic,all_rows,0.009768818515408575,0.021822849807445442,34,1558,temperature_holdout_fold,event_within_2_checkups
1,0.1,0.2,C1_platt_logistic,all_rows,0.13252586397091762,0.29545454545454547,13,44,temperature_holdout_fold,event_within_2_checkups
2,0.2,0.3,C1_platt_logistic,all_rows,0.25346626713807036,0.28,7,25,temperature_holdout_fold,event_within_2_checkups
3,0.3,0.4,C1_platt_logistic,all_rows,0.3784568224822951,0.3333333333333333,2,6,temperature_holdout_fold,event_within_2_checkups
4,0.4,0.5,C1_platt_logistic,all_rows,0.45278846334915956,0.1875,3,16,temperature_holdout_fold,event_within_2_checkups
5,0.5,0.6,C1_platt_logistic,all_rows,0.5395099388232305,0.75,6,8,temperature_holdout_fold,event_within_2_checkups
6,0.6,0.7,C1_platt_logistic,all_rows,0.6696568972377425,0.3125,5,16,temperature_holdout_fold,event_within_2_checkups
7,0.7,0.8,C1_platt_logistic,all_rows,0.750912536172372,0.8,8,10,temperature_holdout_fold,event_within_2_checkups
8,0.8,0.9,C1_platt_logistic,all_rows,0.8537222887161801,0.7073170731707317,29,41,temperature_holdout_fold,event_within_2_checkups
9,0.9,1.0,C1_platt_logistic,all_rows,0.9420244368868197,0.9871794871794872,77,78,temperature_holdout_fold,event_within_2_checkups
0,0.0,0.1,C1_platt_logistic,all_rows,0.020480976181926028,0.031902552204176336,110,3448,voltage_window_holdout_fold,event_within_2_checkups
1,0.1,0.2,C1_platt_logistic,all_rows,0.13853631937957356,0.28440366972477066,31,109,voltage_window_holdout_fold,event_within_2_checkups
2,0.2,0.3,C1_platt_logistic,all_rows,0.2392429037379528,0.5777777777777777,26,45,voltage_window_holdout_fold,event_within_2_checkups
3,0.3,0.4,C1_platt_logistic,all_rows,0.35042160989400356,0.6923076923076923,9,13,voltage_window_holdout_fold,event_within_2_checkups
4,0.4,0.5,C1_platt_logistic,all_rows,0.45844124797430463,0.875,7,8,voltage_window_holdout_fold,event_within_2_checkups
5,0.5,0.6,C1_platt_logistic,all_rows,0.5428133796752278,0.8666666666666667,13,15,voltage_window_holdout_fold,event_within_2_checkups
6,0.6,0.7,C1_platt_logistic,all_rows,0.6579299986303174,0.5384615384615384,7,13,voltage_window_holdout_fold,event_within_2_checkups
7,0.7,0.8,C1_platt_logistic,all_rows,0.763342117398295,1.0,5,5,voltage_window_holdout_fold,event_within_2_checkups
8,0.8,0.9,C1_platt_logistic,all_rows,0.8671215208419062,0.5714285714285714,20,35,voltage_window_holdout_fold,event_within_2_checkups
9,0.9,1.0,C1_platt_logistic,all_rows,0.9673144230992056,0.8676470588235294,118,136,voltage_window_holdout_fold,event_within_2_checkups
0,0.0,0.1,C2_isotonic,all_rows,0.03578625243370888,0.1,8,80,c_rate_holdout_fold,event_within_2_checkups
1,0.1,0.2,C2_isotonic,all_rows,0.15205416023354848,0.5714285714285714,4,7,c_rate_holdout_fold,event_within_2_checkups
2,0.2,0.3,C2_isotonic,all_rows,0.22,0.64,16,25,c_rate_holdout_fold,event_within_2_checkups
4,0.4,0.5,C2_isotonic,all_rows,0.45,0.45454545454545453,5,11,c_rate_holdout_fold,event_within_2_checkups
6,0.6,0.7,C2_isotonic,all_rows,0.631578947368421,0.8421052631578947,16,19,c_rate_holdout_fold,event_within_2_checkups
9,0.9,1.0,C2_isotonic,all_rows,0.999999,1.0,15,15,c_rate_holdout_fold,event_within_2_checkups
0,0.0,0.1,C2_isotonic,all_rows,0.006460025915746447,0.015931372549019607,52,3264,condition_fold,event_within_2_checkups
1,0.1,0.2,C2_isotonic,all_rows,0.16760769821406266,0.18584070796460178,21,113,condition_fold,event_within_2_checkups
2,0.2,0.3,C2_isotonic,all_rows,0.2450792519201112,0.35,14,40,condition_fold,event_within_2_checkups
3,0.3,0.4,C2_isotonic,all_rows,0.3306940542401934,0.12359550561797752,11,89,condition_fold,event_within_2_checkups
4,0.4,0.5,C2_isotonic,all_rows,0.4010636852238453,0.4,10,25,condition_fold,event_within_2_checkups
5,0.5,0.6,C2_isotonic,all_rows,0.5342336460370953,0.5849056603773585,31,53,condition_fold,event_within_2_checkups
6,0.6,0.7,C2_isotonic,all_rows,0.6763673473647223,1.0,2,2,condition_fold,event_within_2_checkups
7,0.7,0.8,C2_isotonic,all_rows,0.7446701287791705,0.6551724137931034,19,29,condition_fold,event_within_2_checkups
8,0.8,0.9,C2_isotonic,all_rows,0.8358426343430554,0.803921568627451,82,102,condition_fold,event_within_2_checkups
9,0.9,1.0,C2_isotonic,all_rows,0.9923917299283886,0.9454545454545454,104,110,condition_fold,event_within_2_checkups
0,0.0,0.1,C2_isotonic,all_rows,0.001342045345160921,0.02021772939346812,13,643,profile_holdout_fold,event_within_2_checkups
1,0.1,0.2,C2_isotonic,all_rows,0.14234725907712495,0.07692307692307693,1,13,profile_holdout_fold,event_within_2_checkups
3,0.3,0.4,C2_isotonic,all_rows,0.3333333333333333,0.5,1,2,profile_holdout_fold,event_within_2_checkups
4,0.4,0.5,C2_isotonic,all_rows,0.45454545454545453,0.375,3,8,profile_holdout_fold,event_within_2_checkups
5,0.5,0.6,C2_isotonic,all_rows,0.5577545632812657,0.5192307692307693,27,52,profile_holdout_fold,event_within_2_checkups
6,0.6,0.7,C2_isotonic,all_rows,0.6666666666666665,0.72,18,25,profile_holdout_fold,event_within_2_checkups
9,0.9,1.0,C2_isotonic,all_rows,0.9925726281148596,1.0,9,9,profile_holdout_fold,event_within_2_checkups
0,0.0,0.1,C2_isotonic,all_rows,0.0008268671713695802,0.016517549896765314,24,1453,temperature_holdout_fold,event_within_2_checkups
1,0.1,0.2,C2_isotonic,all_rows,0.14083846484339055,0.03773584905660377,2,53,temperature_holdout_fold,event_within_2_checkups
2,0.2,0.3,C2_isotonic,all_rows,0.21614113591925163,0.16521739130434782,19,115,temperature_holdout_fold,event_within_2_checkups
3,0.3,0.4,C2_isotonic,all_rows,0.3706873579474457,0.5,2,4,temperature_holdout_fold,event_within_2_checkups
4,0.4,0.5,C2_isotonic,all_rows,0.4131610576923077,0.5625,18,32,temperature_holdout_fold,event_within_2_checkups
6,0.6,0.7,C2_isotonic,all_rows,0.6877697709299766,0.6842105263157895,13,19,temperature_holdout_fold,event_within_2_checkups
7,0.7,0.8,C2_isotonic,all_rows,0.7710207608711841,1.0,13,13,temperature_holdout_fold,event_within_2_checkups
8,0.8,0.9,C2_isotonic,all_rows,0.8431484392105881,1.0,2,2,temperature_holdout_fold,event_within_2_checkups
9,0.9,1.0,C2_isotonic,all_rows,0.9353434509541373,0.8198198198198198,91,111,temperature_holdout_fold,event_within_2_checkups
0,0.0,0.1,C2_isotonic,all_rows,0.0028808018212165267,0.04448681283762313,140,3147,voltage_window_holdout_fold,event_within_2_checkups
1,0.1,0.2,C2_isotonic,all_rows,0.15421182064673827,0.03430079155672823,13,379,voltage_window_holdout_fold,event_within_2_checkups
2,0.2,0.3,C2_isotonic,all_rows,0.26054630419892694,0.1320754716981132,7,53,voltage_window_holdout_fold,event_within_2_checkups
3,0.3,0.4,C2_isotonic,all_rows,0.35597175513896306,0.5689655172413793,33,58,voltage_window_holdout_fold,event_within_2_checkups
4,0.4,0.5,C2_isotonic,all_rows,0.44797724067934214,0.42857142857142855,3,7,voltage_window_holdout_fold,event_within_2_checkups
5,0.5,0.6,C2_isotonic,all_rows,0.5,1.0,1,1,voltage_window_holdout_fold,event_within_2_checkups
6,0.6,0.7,C2_isotonic,all_rows,0.6506913038337029,1.0,2,2,voltage_window_holdout_fold,event_within_2_checkups
7,0.7,0.8,C2_isotonic,all_rows,0.7143880132394856,0.5882352941176471,40,68,voltage_window_holdout_fold,event_within_2_checkups
9,0.9,1.0,C2_isotonic,all_rows,0.9977195430689241,0.9553571428571429,107,112,voltage_window_holdout_fold,event_within_2_checkups
0,0.0,0.1,C0_raw_hgb_w2,verified_only,0.013606046734080494,0.22115384615384615,23,104,c_rate_holdout_fold,event_within_2_checkups
1,0.1,0.2,C0_raw_hgb_w2,verified_only,0.1316542634145266,0.6666666666666666,4,6,c_rate_holdout_fold,event_within_2_checkups
2,0.2,0.3,C0_raw_hgb_w2,verified_only,0.25922649464295433,1.0,1,1,c_rate_holdout_fold,event_within_2_checkups
3,0.3,0.4,C0_raw_hgb_w2,verified_only,0.36184493527517647,1.0,4,4,c_rate_holdout_fold,event_within_2_checkups
5,0.5,0.6,C0_raw_hgb_w2,verified_only,0.5672312457954434,0.5,1,2,c_rate_holdout_fold,event_within_2_checkups
6,0.6,0.7,C0_raw_hgb_w2,verified_only,0.6595417029581793,1.0,3,3,c_rate_holdout_fold,event_within_2_checkups
7,0.7,0.8,C0_raw_hgb_w2,verified_only,0.771447863583042,1.0,9,9,c_rate_holdout_fold,event_within_2_checkups
8,0.8,0.9,C0_raw_hgb_w2,verified_only,0.8405516860171713,1.0,2,2,c_rate_holdout_fold,event_within_2_checkups
9,0.9,1.0,C0_raw_hgb_w2,verified_only,0.9651221426186173,1.0,17,17,c_rate_holdout_fold,event_within_2_checkups
0,0.0,0.1,C0_raw_hgb_w2,verified_only,0.00724127655393221,0.02246603970741902,43,1914,condition_fold,event_within_2_checkups
1,0.1,0.2,C0_raw_hgb_w2,verified_only,0.14393253857642158,0.175,14,80,condition_fold,event_within_2_checkups
2,0.2,0.3,C0_raw_hgb_w2,verified_only,0.2360388959813705,0.19444444444444445,7,36,condition_fold,event_within_2_checkups
3,0.3,0.4,C0_raw_hgb_w2,verified_only,0.3468214961068118,0.28125,9,32,condition_fold,event_within_2_checkups
4,0.4,0.5,C0_raw_hgb_w2,verified_only,0.4581515575681214,0.25,5,20,condition_fold,event_within_2_checkups
5,0.5,0.6,C0_raw_hgb_w2,verified_only,0.5587184765942423,0.47368421052631576,18,38,condition_fold,event_within_2_checkups
6,0.6,0.7,C0_raw_hgb_w2,verified_only,0.6559763918078818,0.5348837209302325,23,43,condition_fold,event_within_2_checkups
7,0.7,0.8,C0_raw_hgb_w2,verified_only,0.7393222006473722,0.38461538461538464,10,26,condition_fold,event_within_2_checkups
8,0.8,0.9,C0_raw_hgb_w2,verified_only,0.8459560243559784,0.59375,19,32,condition_fold,event_within_2_checkups
9,0.9,1.0,C0_raw_hgb_w2,verified_only,0.9707979480701385,0.9339622641509434,198,212,condition_fold,event_within_2_checkups
0,0.0,0.1,C0_raw_hgb_w2,verified_only,0.003077003903101286,0.01910828025477707,12,628,profile_holdout_fold,event_within_2_checkups
1,0.1,0.2,C0_raw_hgb_w2,verified_only,0.15968570757541817,0.16666666666666666,2,12,profile_holdout_fold,event_within_2_checkups
2,0.2,0.3,C0_raw_hgb_w2,verified_only,0.24702906151123505,0.08333333333333333,1,12,profile_holdout_fold,event_within_2_checkups
3,0.3,0.4,C0_raw_hgb_w2,verified_only,0.3468058137020787,0.3333333333333333,1,3,profile_holdout_fold,event_within_2_checkups
4,0.4,0.5,C0_raw_hgb_w2,verified_only,0.44573204782077963,0.0,0,5,profile_holdout_fold,event_within_2_checkups
5,0.5,0.6,C0_raw_hgb_w2,verified_only,0.5360664204603908,0.0,0,3,profile_holdout_fold,event_within_2_checkups
6,0.6,0.7,C0_raw_hgb_w2,verified_only,0.682379530180181,0.0,0,4,profile_holdout_fold,event_within_2_checkups
7,0.7,0.8,C0_raw_hgb_w2,verified_only,0.724488204364941,0.3333333333333333,1,3,profile_holdout_fold,event_within_2_checkups
8,0.8,0.9,C0_raw_hgb_w2,verified_only,0.8657746480169289,0.125,1,8,profile_holdout_fold,event_within_2_checkups
9,0.9,1.0,C0_raw_hgb_w2,verified_only,0.9829345449147958,0.7297297297297297,54,74,profile_holdout_fold,event_within_2_checkups
0,0.0,0.1,C0_raw_hgb_w2,verified_only,0.007033593357684228,0.035538005923000986,36,1013,temperature_holdout_fold,event_within_2_checkups
1,0.1,0.2,C0_raw_hgb_w2,verified_only,0.13919611308544338,0.1794871794871795,7,39,temperature_holdout_fold,event_within_2_checkups
2,0.2,0.3,C0_raw_hgb_w2,verified_only,0.2454366890064207,0.23809523809523808,5,21,temperature_holdout_fold,event_within_2_checkups
3,0.3,0.4,C0_raw_hgb_w2,verified_only,0.3435366573403365,0.5384615384615384,7,13,temperature_holdout_fold,event_within_2_checkups
4,0.4,0.5,C0_raw_hgb_w2,verified_only,0.4589338365481001,0.2727272727272727,3,11,temperature_holdout_fold,event_within_2_checkups
5,0.5,0.6,C0_raw_hgb_w2,verified_only,0.5640774872648183,0.5833333333333334,7,12,temperature_holdout_fold,event_within_2_checkups
6,0.6,0.7,C0_raw_hgb_w2,verified_only,0.6687915502211221,0.3,3,10,temperature_holdout_fold,event_within_2_checkups
7,0.7,0.8,C0_raw_hgb_w2,verified_only,0.7436130050472469,0.5,6,12,temperature_holdout_fold,event_within_2_checkups
8,0.8,0.9,C0_raw_hgb_w2,verified_only,0.8587126742460823,0.8,16,20,temperature_holdout_fold,event_within_2_checkups
9,0.9,1.0,C0_raw_hgb_w2,verified_only,0.9661305053586843,0.9306930693069307,94,101,temperature_holdout_fold,event_within_2_checkups
0,0.0,0.1,C0_raw_hgb_w2,verified_only,0.008498733182839306,0.025799214806505887,46,1783,voltage_window_holdout_fold,event_within_2_checkups
1,0.1,0.2,C0_raw_hgb_w2,verified_only,0.13988310759618092,0.2815533980582524,29,103,voltage_window_holdout_fold,event_within_2_checkups
2,0.2,0.3,C0_raw_hgb_w2,verified_only,0.2603173735049072,0.5116279069767442,22,43,voltage_window_holdout_fold,event_within_2_checkups
3,0.3,0.4,C0_raw_hgb_w2,verified_only,0.3319487480003458,0.16666666666666666,2,12,voltage_window_holdout_fold,event_within_2_checkups
4,0.4,0.5,C0_raw_hgb_w2,verified_only,0.4247789860186421,0.35294117647058826,6,17,voltage_window_holdout_fold,event_within_2_checkups
5,0.5,0.6,C0_raw_hgb_w2,verified_only,0.5459525891823491,0.21052631578947367,4,19,voltage_window_holdout_fold,event_within_2_checkups
6,0.6,0.7,C0_raw_hgb_w2,verified_only,0.6589166522793036,0.3333333333333333,18,54,voltage_window_holdout_fold,event_within_2_checkups
7,0.7,0.8,C0_raw_hgb_w2,verified_only,0.7523611155102822,0.27941176470588236,19,68,voltage_window_holdout_fold,event_within_2_checkups
8,0.8,0.9,C0_raw_hgb_w2,verified_only,0.8591677364079443,0.3125,40,128,voltage_window_holdout_fold,event_within_2_checkups
9,0.9,1.0,C0_raw_hgb_w2,verified_only,0.9696386235065528,0.7766990291262136,160,206,voltage_window_holdout_fold,event_within_2_checkups
0,0.0,0.1,C1_platt_logistic,verified_only,0.030847623602613627,0.14285714285714285,13,91,c_rate_holdout_fold,event_within_2_checkups
1,0.1,0.2,C1_platt_logistic,verified_only,0.1393827103196541,0.8333333333333334,10,12,c_rate_holdout_fold,event_within_2_checkups
2,0.2,0.3,C1_platt_logistic,verified_only,0.2308796707973974,0.5714285714285714,4,7,c_rate_holdout_fold,event_within_2_checkups
3,0.3,0.4,C1_platt_logistic,verified_only,0.35505289432896725,1.0,1,1,c_rate_holdout_fold,event_within_2_checkups
4,0.4,0.5,C1_platt_logistic,verified_only,0.4336361771126974,1.0,4,4,c_rate_holdout_fold,event_within_2_checkups
5,0.5,0.6,C1_platt_logistic,verified_only,0.5763308049589921,0.5,1,2,c_rate_holdout_fold,event_within_2_checkups
6,0.6,0.7,C1_platt_logistic,verified_only,0.6400951113427724,1.0,3,3,c_rate_holdout_fold,event_within_2_checkups
7,0.7,0.8,C1_platt_logistic,verified_only,0.7255829297187653,1.0,10,10,c_rate_holdout_fold,event_within_2_checkups
8,0.8,0.9,C1_platt_logistic,verified_only,0.8588513693977868,1.0,7,7,c_rate_holdout_fold,event_within_2_checkups
9,0.9,1.0,C1_platt_logistic,verified_only,0.9551702849054603,1.0,11,11,c_rate_holdout_fold,event_within_2_checkups
0,0.0,0.1,C1_platt_logistic,verified_only,0.015321462775235807,0.01750663129973475,33,1885,condition_fold,event_within_2_checkups
1,0.1,0.2,C1_platt_logistic,verified_only,0.14792091243967145,0.21904761904761905,23,105,condition_fold,event_within_2_checkups
2,0.2,0.3,C1_platt_logistic,verified_only,0.24774271805221337,0.22950819672131148,14,61,condition_fold,event_within_2_checkups
3,0.3,0.4,C1_platt_logistic,verified_only,0.34991273254760674,0.35294117647058826,12,34,condition_fold,event_within_2_checkups
4,0.4,0.5,C1_platt_logistic,verified_only,0.45889837173288056,0.3409090909090909,15,44,condition_fold,event_within_2_checkups
5,0.5,0.6,C1_platt_logistic,verified_only,0.5387518905375712,0.5909090909090909,26,44,condition_fold,event_within_2_checkups
6,0.6,0.7,C1_platt_logistic,verified_only,0.6372010210062795,0.5161290322580645,16,31,condition_fold,event_within_2_checkups
7,0.7,0.8,C1_platt_logistic,verified_only,0.7573606933156612,0.7,35,50,condition_fold,event_within_2_checkups
8,0.8,0.9,C1_platt_logistic,verified_only,0.8542743700588564,0.9206349206349206,58,63,condition_fold,event_within_2_checkups
9,0.9,1.0,C1_platt_logistic,verified_only,0.9459298355482759,0.9827586206896551,114,116,condition_fold,event_within_2_checkups
0,0.0,0.1,C1_platt_logistic,verified_only,0.018087124769159177,0.014634146341463415,9,615,profile_holdout_fold,event_within_2_checkups
1,0.1,0.2,C1_platt_logistic,verified_only,0.11487181975688632,0.14285714285714285,1,7,profile_holdout_fold,event_within_2_checkups
2,0.2,0.3,C1_platt_logistic,verified_only,0.23985282018201814,0.3333333333333333,2,6,profile_holdout_fold,event_within_2_checkups
3,0.3,0.4,C1_platt_logistic,verified_only,0.3571493544294597,0.2,1,5,profile_holdout_fold,event_within_2_checkups
4,0.4,0.5,C1_platt_logistic,verified_only,0.43946733986334635,0.07692307692307693,1,13,profile_holdout_fold,event_within_2_checkups
5,0.5,0.6,C1_platt_logistic,verified_only,0.5416164808588633,0.25,2,8,profile_holdout_fold,event_within_2_checkups
6,0.6,0.7,C1_platt_logistic,verified_only,0.65671932441307,0.0,0,6,profile_holdout_fold,event_within_2_checkups
7,0.7,0.8,C1_platt_logistic,verified_only,0.7440236739741856,0.0,0,4,profile_holdout_fold,event_within_2_checkups
8,0.8,0.9,C1_platt_logistic,verified_only,0.8344107733225121,0.14285714285714285,1,7,profile_holdout_fold,event_within_2_checkups
9,0.9,1.0,C1_platt_logistic,verified_only,0.9771608038873877,0.6790123456790124,55,81,profile_holdout_fold,event_within_2_checkups
0,0.0,0.1,C1_platt_logistic,verified_only,0.01258332700275527,0.03121852970795569,31,993,temperature_holdout_fold,event_within_2_checkups
1,0.1,0.2,C1_platt_logistic,verified_only,0.14294913793018743,0.18,9,50,temperature_holdout_fold,event_within_2_checkups
2,0.2,0.3,C1_platt_logistic,verified_only,0.2355980968139841,0.21428571428571427,6,28,temperature_holdout_fold,event_within_2_checkups
3,0.3,0.4,C1_platt_logistic,verified_only,0.3524631143281245,0.5294117647058824,9,17,temperature_holdout_fold,event_within_2_checkups
4,0.4,0.5,C1_platt_logistic,verified_only,0.4531739590709156,0.3888888888888889,7,18,temperature_holdout_fold,event_within_2_checkups
5,0.5,0.6,C1_platt_logistic,verified_only,0.5582900135472925,0.5833333333333334,7,12,temperature_holdout_fold,event_within_2_checkups
6,0.6,0.7,C1_platt_logistic,verified_only,0.6410596915713228,0.4375,7,16,temperature_holdout_fold,event_within_2_checkups
7,0.7,0.8,C1_platt_logistic,verified_only,0.7628108130971387,0.7272727272727273,8,11,temperature_holdout_fold,event_within_2_checkups
8,0.8,0.9,C1_platt_logistic,verified_only,0.8578561026684829,0.8611111111111112,31,36,temperature_holdout_fold,event_within_2_checkups
9,0.9,1.0,C1_platt_logistic,verified_only,0.9438069571444057,0.971830985915493,69,71,temperature_holdout_fold,event_within_2_checkups
0,0.0,0.1,C1_platt_logistic,verified_only,0.025482402721685376,0.012928248222365869,20,1547,voltage_window_holdout_fold,event_within_2_checkups
1,0.1,0.2,C1_platt_logistic,verified_only,0.13423224191308342,0.07428571428571429,13,175,voltage_window_holdout_fold,event_within_2_checkups
2,0.2,0.3,C1_platt_logistic,verified_only,0.23923109594876626,0.15625,20,128,voltage_window_holdout_fold,event_within_2_checkups
3,0.3,0.4,C1_platt_logistic,verified_only,0.3414233286968129,0.4307692307692308,28,65,voltage_window_holdout_fold,event_within_2_checkups
4,0.4,0.5,C1_platt_logistic,verified_only,0.45503485417552875,0.3,12,40,voltage_window_holdout_fold,event_within_2_checkups
5,0.5,0.6,C1_platt_logistic,verified_only,0.5468529342671146,0.3469387755102041,34,98,voltage_window_holdout_fold,event_within_2_checkups
6,0.6,0.7,C1_platt_logistic,verified_only,0.6575950535305465,0.2937062937062937,42,143,voltage_window_holdout_fold,event_within_2_checkups
7,0.7,0.8,C1_platt_logistic,verified_only,0.7507067821027987,0.4411764705882353,15,34,voltage_window_holdout_fold,event_within_2_checkups
8,0.8,0.9,C1_platt_logistic,verified_only,0.8492730736147615,0.8260869565217391,57,69,voltage_window_holdout_fold,event_within_2_checkups
9,0.9,1.0,C1_platt_logistic,verified_only,0.982110920146498,0.7835820895522388,105,134,voltage_window_holdout_fold,event_within_2_checkups
0,0.0,0.1,C2_isotonic,verified_only,0.02512291810977673,0.1375,11,80,c_rate_holdout_fold,event_within_2_checkups
1,0.1,0.2,C2_isotonic,verified_only,0.11266767694002199,0.18181818181818182,2,11,c_rate_holdout_fold,event_within_2_checkups
2,0.2,0.3,C2_isotonic,verified_only,0.22067077220490544,0.7619047619047619,16,21,c_rate_holdout_fold,event_within_2_checkups
3,0.3,0.4,C2_isotonic,verified_only,0.3387721269403337,1.0,3,3,c_rate_holdout_fold,event_within_2_checkups
5,0.5,0.6,C2_isotonic,verified_only,0.5,0.6666666666666666,2,3,c_rate_holdout_fold,event_within_2_checkups
8,0.8,0.9,C2_isotonic,verified_only,0.8586111111111111,1.0,24,24,c_rate_holdout_fold,event_within_2_checkups
9,0.9,1.0,C2_isotonic,verified_only,0.999999,1.0,6,6,c_rate_holdout_fold,event_within_2_checkups
0,0.0,0.1,C2_isotonic,verified_only,0.00728366300835058,0.014116318464144552,25,1771,condition_fold,event_within_2_checkups
1,0.1,0.2,C2_isotonic,verified_only,0.1517066190657622,0.13259668508287292,24,181,condition_fold,event_within_2_checkups
2,0.2,0.3,C2_isotonic,verified_only,0.23734178276640291,0.19642857142857142,11,56,condition_fold,event_within_2_checkups
3,0.3,0.4,C2_isotonic,verified_only,0.32320902177020494,0.40816326530612246,20,49,condition_fold,event_within_2_checkups
4,0.4,0.5,C2_isotonic,verified_only,0.4170048325233678,0.3010752688172043,28,93,condition_fold,event_within_2_checkups
5,0.5,0.6,C2_isotonic,verified_only,0.5151515151515151,0.6060606060606061,20,33,condition_fold,event_within_2_checkups
6,0.6,0.7,C2_isotonic,verified_only,0.6273103957397252,0.6285714285714286,22,35,condition_fold,event_within_2_checkups
7,0.7,0.8,C2_isotonic,verified_only,0.738001444555806,0.6129032258064516,19,31,condition_fold,event_within_2_checkups
8,0.8,0.9,C2_isotonic,verified_only,0.8604496155259673,0.9464285714285714,53,56,condition_fold,event_within_2_checkups
9,0.9,1.0,C2_isotonic,verified_only,0.9971993978657959,0.96875,124,128,condition_fold,event_within_2_checkups
0,0.0,0.1,C2_isotonic,verified_only,5.604348649785768e-05,0.011986301369863013,7,584,profile_holdout_fold,event_within_2_checkups
1,0.1,0.2,C2_isotonic,verified_only,0.1,0.07894736842105263,3,38,profile_holdout_fold,event_within_2_checkups
2,0.2,0.3,C2_isotonic,verified_only,0.2222222222222222,0.3333333333333333,1,3,profile_holdout_fold,event_within_2_checkups
4,0.4,0.5,C2_isotonic,verified_only,0.47053796927395153,0.25,2,8,profile_holdout_fold,event_within_2_checkups
5,0.5,0.6,C2_isotonic,verified_only,0.5544761045305049,0.25,1,4,profile_holdout_fold,event_within_2_checkups
6,0.6,0.7,C2_isotonic,verified_only,0.6050066109674436,0.10526315789473684,2,19,profile_holdout_fold,event_within_2_checkups
7,0.7,0.8,C2_isotonic,verified_only,0.72851363821874,0.06666666666666667,1,15,profile_holdout_fold,event_within_2_checkups
8,0.8,0.9,C2_isotonic,verified_only,0.8596471540094722,0.5,1,2,profile_holdout_fold,event_within_2_checkups
9,0.9,1.0,C2_isotonic,verified_only,0.999278150575324,0.6835443037974683,54,79,profile_holdout_fold,event_within_2_checkups
0,0.0,0.1,C2_isotonic,verified_only,0.007605696656475623,0.03403403403403404,34,999,temperature_holdout_fold,event_within_2_checkups
1,0.1,0.2,C2_isotonic,verified_only,0.12671777472477483,0.14285714285714285,5,35,temperature_holdout_fold,event_within_2_checkups
2,0.2,0.3,C2_isotonic,verified_only,0.24958499936970407,0.13043478260869565,3,23,temperature_holdout_fold,event_within_2_checkups
3,0.3,0.4,C2_isotonic,verified_only,0.3717745469791615,0.5517241379310345,16,29,temperature_holdout_fold,event_within_2_checkups
4,0.4,0.5,C2_isotonic,verified_only,0.4288995290429569,0.0,0,2,temperature_holdout_fold,event_within_2_checkups
5,0.5,0.6,C2_isotonic,verified_only,0.5357142857142857,0.42592592592592593,23,54,temperature_holdout_fold,event_within_2_checkups
6,0.6,0.7,C2_isotonic,verified_only,0.6709566316985682,0.0,0,1,temperature_holdout_fold,event_within_2_checkups
7,0.7,0.8,C2_isotonic,verified_only,0.7463921363412472,1.0,12,12,temperature_holdout_fold,event_within_2_checkups
8,0.8,0.9,C2_isotonic,verified_only,0.8605668212092404,0.8333333333333334,10,12,temperature_holdout_fold,event_within_2_checkups
9,0.9,1.0,C2_isotonic,verified_only,0.999999,0.9529411764705882,81,85,temperature_holdout_fold,event_within_2_checkups
0,0.0,0.1,C2_isotonic,verified_only,0.011324473122499921,0.015807560137457044,23,1455,voltage_window_holdout_fold,event_within_2_checkups
2,0.2,0.3,C2_isotonic,verified_only,0.20853359408195496,0.1393596986817326,74,531,voltage_window_holdout_fold,event_within_2_checkups
3,0.3,0.4,C2_isotonic,verified_only,0.3264939475778477,0.3333333333333333,1,3,voltage_window_holdout_fold,event_within_2_checkups
4,0.4,0.5,C2_isotonic,verified_only,0.4060187930866111,0.27450980392156865,14,51,voltage_window_holdout_fold,event_within_2_checkups
5,0.5,0.6,C2_isotonic,verified_only,0.5431600807235559,0.5957446808510638,28,47,voltage_window_holdout_fold,event_within_2_checkups
6,0.6,0.7,C2_isotonic,verified_only,0.6744225160280645,0.5,2,4,voltage_window_holdout_fold,event_within_2_checkups
7,0.7,0.8,C2_isotonic,verified_only,0.7580297423781692,0.3333333333333333,4,12,voltage_window_holdout_fold,event_within_2_checkups
8,0.8,0.9,C2_isotonic,verified_only,0.8629066643444872,0.5,6,12,voltage_window_holdout_fold,event_within_2_checkups
9,0.9,1.0,C2_isotonic,verified_only,0.999011574564983,0.610062893081761,194,318,voltage_window_holdout_fold,event_within_2_checkups
0,0.0,0.1,C0_raw_hgb_w2,all_rows,0.013736182893891467,0.23469387755102042,23,98,c_rate_holdout_fold,event_within_3_checkups
1,0.1,0.2,C0_raw_hgb_w2,all_rows,0.17236392582533125,1.0,7,7,c_rate_holdout_fold,event_within_3_checkups
2,0.2,0.3,C0_raw_hgb_w2,all_rows,0.2372610566887236,1.0,1,1,c_rate_holdout_fold,event_within_3_checkups
3,0.3,0.4,C0_raw_hgb_w2,all_rows,0.3307527851067179,1.0,4,4,c_rate_holdout_fold,event_within_3_checkups
4,0.4,0.5,C0_raw_hgb_w2,all_rows,0.49286318913973637,1.0,1,1,c_rate_holdout_fold,event_within_3_checkups
5,0.5,0.6,C0_raw_hgb_w2,all_rows,0.517633152991405,1.0,3,3,c_rate_holdout_fold,event_within_3_checkups
6,0.6,0.7,C0_raw_hgb_w2,all_rows,0.6635392065045033,0.6666666666666666,2,3,c_rate_holdout_fold,event_within_3_checkups
7,0.7,0.8,C0_raw_hgb_w2,all_rows,0.778244991746619,1.0,2,2,c_rate_holdout_fold,event_within_3_checkups
8,0.8,0.9,C0_raw_hgb_w2,all_rows,0.8711618225894322,0.9230769230769231,12,13,c_rate_holdout_fold,event_within_3_checkups
9,0.9,1.0,C0_raw_hgb_w2,all_rows,0.963386189035509,1.0,25,25,c_rate_holdout_fold,event_within_3_checkups
0,0.0,0.1,C0_raw_hgb_w2,all_rows,0.005762277330339405,0.021079527307569467,66,3131,condition_fold,event_within_3_checkups
1,0.1,0.2,C0_raw_hgb_w2,all_rows,0.13596766364156743,0.28431372549019607,29,102,condition_fold,event_within_3_checkups
2,0.2,0.3,C0_raw_hgb_w2,all_rows,0.25202743795882493,0.39655172413793105,23,58,condition_fold,event_within_3_checkups
3,0.3,0.4,C0_raw_hgb_w2,all_rows,0.33794368439198325,0.3181818181818182,14,44,condition_fold,event_within_3_checkups
4,0.4,0.5,C0_raw_hgb_w2,all_rows,0.4503721230433434,0.3170731707317073,13,41,condition_fold,event_within_3_checkups
5,0.5,0.6,C0_raw_hgb_w2,all_rows,0.5502847640083318,0.2413793103448276,7,29,condition_fold,event_within_3_checkups
6,0.6,0.7,C0_raw_hgb_w2,all_rows,0.6347379831602068,0.6111111111111112,22,36,condition_fold,event_within_3_checkups
7,0.7,0.8,C0_raw_hgb_w2,all_rows,0.7549127049416007,0.4888888888888889,22,45,condition_fold,event_within_3_checkups
8,0.8,0.9,C0_raw_hgb_w2,all_rows,0.8542820493905663,0.6851851851851852,37,54,condition_fold,event_within_3_checkups
9,0.9,1.0,C0_raw_hgb_w2,all_rows,0.972185903719748,0.9094076655052264,261,287,condition_fold,event_within_3_checkups
0,0.0,0.1,C0_raw_hgb_w2,all_rows,0.014877616835905843,0.045234248788368334,28,619,profile_holdout_fold,event_within_3_checkups
1,0.1,0.2,C0_raw_hgb_w2,all_rows,0.15412368192323775,0.5,9,18,profile_holdout_fold,event_within_3_checkups
2,0.2,0.3,C0_raw_hgb_w2,all_rows,0.25417046683086775,0.13333333333333333,2,15,profile_holdout_fold,event_within_3_checkups
3,0.3,0.4,C0_raw_hgb_w2,all_rows,0.3634903444214271,0.5,5,10,profile_holdout_fold,event_within_3_checkups
4,0.4,0.5,C0_raw_hgb_w2,all_rows,0.4286700720596983,0.5,6,12,profile_holdout_fold,event_within_3_checkups
5,0.5,0.6,C0_raw_hgb_w2,all_rows,0.5316712070642525,0.3333333333333333,3,9,profile_holdout_fold,event_within_3_checkups
6,0.6,0.7,C0_raw_hgb_w2,all_rows,0.6343685005964225,0.6521739130434783,15,23,profile_holdout_fold,event_within_3_checkups
7,0.7,0.8,C0_raw_hgb_w2,all_rows,0.7633699224350442,0.84375,27,32,profile_holdout_fold,event_within_3_checkups
8,0.8,0.9,C0_raw_hgb_w2,all_rows,0.8263160306812976,0.9285714285714286,13,14,profile_holdout_fold,event_within_3_checkups
0,0.0,0.1,C0_raw_hgb_w2,all_rows,0.003913769383657256,0.03310344827586207,48,1450,temperature_holdout_fold,event_within_3_checkups
1,0.1,0.2,C0_raw_hgb_w2,all_rows,0.1436579658282441,0.21739130434782608,10,46,temperature_holdout_fold,event_within_3_checkups
2,0.2,0.3,C0_raw_hgb_w2,all_rows,0.24412568332405377,0.2,3,15,temperature_holdout_fold,event_within_3_checkups
3,0.3,0.4,C0_raw_hgb_w2,all_rows,0.3634159228664126,0.35714285714285715,5,14,temperature_holdout_fold,event_within_3_checkups
4,0.4,0.5,C0_raw_hgb_w2,all_rows,0.4546656043447141,0.46153846153846156,6,13,temperature_holdout_fold,event_within_3_checkups
5,0.5,0.6,C0_raw_hgb_w2,all_rows,0.5515890234963448,0.45,9,20,temperature_holdout_fold,event_within_3_checkups
6,0.6,0.7,C0_raw_hgb_w2,all_rows,0.6541768353471885,0.5416666666666666,13,24,temperature_holdout_fold,event_within_3_checkups
7,0.7,0.8,C0_raw_hgb_w2,all_rows,0.7455882892090037,0.42857142857142855,9,21,temperature_holdout_fold,event_within_3_checkups
8,0.8,0.9,C0_raw_hgb_w2,all_rows,0.8520811034837452,0.6060606060606061,20,33,temperature_holdout_fold,event_within_3_checkups
9,0.9,1.0,C0_raw_hgb_w2,all_rows,0.9749945929282559,0.8433734939759037,140,166,temperature_holdout_fold,event_within_3_checkups
0,0.0,0.1,C0_raw_hgb_w2,all_rows,0.007482388772362428,0.05133657351154314,169,3292,voltage_window_holdout_fold,event_within_3_checkups
1,0.1,0.2,C0_raw_hgb_w2,all_rows,0.14193528107297956,0.2391304347826087,22,92,voltage_window_holdout_fold,event_within_3_checkups
2,0.2,0.3,C0_raw_hgb_w2,all_rows,0.24162213697356544,0.5416666666666666,39,72,voltage_window_holdout_fold,event_within_3_checkups
3,0.3,0.4,C0_raw_hgb_w2,all_rows,0.3582739722234628,0.44,22,50,voltage_window_holdout_fold,event_within_3_checkups
4,0.4,0.5,C0_raw_hgb_w2,all_rows,0.45903530109954516,0.6451612903225806,20,31,voltage_window_holdout_fold,event_within_3_checkups
5,0.5,0.6,C0_raw_hgb_w2,all_rows,0.5487802435814936,0.7058823529411765,24,34,voltage_window_holdout_fold,event_within_3_checkups
6,0.6,0.7,C0_raw_hgb_w2,all_rows,0.6518956836233483,0.7037037037037037,19,27,voltage_window_holdout_fold,event_within_3_checkups
7,0.7,0.8,C0_raw_hgb_w2,all_rows,0.7556466040024099,0.5185185185185185,14,27,voltage_window_holdout_fold,event_within_3_checkups
8,0.8,0.9,C0_raw_hgb_w2,all_rows,0.8510307141076948,0.6428571428571429,18,28,voltage_window_holdout_fold,event_within_3_checkups
9,0.9,1.0,C0_raw_hgb_w2,all_rows,0.9762964661827411,0.8448275862068966,147,174,voltage_window_holdout_fold,event_within_3_checkups
0,0.0,0.1,C1_platt_logistic,all_rows,0.02232990914552491,0.14814814814814814,12,81,c_rate_holdout_fold,event_within_3_checkups
1,0.1,0.2,C1_platt_logistic,all_rows,0.13626352934030905,0.6470588235294118,11,17,c_rate_holdout_fold,event_within_3_checkups
2,0.2,0.3,C1_platt_logistic,all_rows,0.2772048809191746,1.0,7,7,c_rate_holdout_fold,event_within_3_checkups
3,0.3,0.4,C1_platt_logistic,all_rows,0.38213389640165163,1.0,4,4,c_rate_holdout_fold,event_within_3_checkups
4,0.4,0.5,C1_platt_logistic,all_rows,0.4528635166761781,1.0,1,1,c_rate_holdout_fold,event_within_3_checkups
5,0.5,0.6,C1_platt_logistic,all_rows,0.5409357571500515,1.0,4,4,c_rate_holdout_fold,event_within_3_checkups
6,0.6,0.7,C1_platt_logistic,all_rows,0.6466317825011764,0.6666666666666666,2,3,c_rate_holdout_fold,event_within_3_checkups
7,0.7,0.8,C1_platt_logistic,all_rows,0.7522312615625157,0.75,3,4,c_rate_holdout_fold,event_within_3_checkups
8,0.8,0.9,C1_platt_logistic,all_rows,0.8347704888917014,1.0,17,17,c_rate_holdout_fold,event_within_3_checkups
9,0.9,1.0,C1_platt_logistic,all_rows,0.9413392013170458,1.0,19,19,c_rate_holdout_fold,event_within_3_checkups
0,0.0,0.1,C1_platt_logistic,all_rows,0.01033455257393001,0.01867954911433172,58,3105,condition_fold,event_within_3_checkups
1,0.1,0.2,C1_platt_logistic,all_rows,0.1421716702352727,0.27586206896551724,40,145,condition_fold,event_within_3_checkups
2,0.2,0.3,C1_platt_logistic,all_rows,0.24581823874625594,0.36363636363636365,28,77,condition_fold,event_within_3_checkups
3,0.3,0.4,C1_platt_logistic,all_rows,0.35198567250810686,0.45901639344262296,28,61,condition_fold,event_within_3_checkups
4,0.4,0.5,C1_platt_logistic,all_rows,0.45422378079590336,0.4186046511627907,18,43,condition_fold,event_within_3_checkups
5,0.5,0.6,C1_platt_logistic,all_rows,0.5429122173345159,0.45161290322580644,14,31,condition_fold,event_within_3_checkups
6,0.6,0.7,C1_platt_logistic,all_rows,0.6578757990758869,0.5652173913043478,26,46,condition_fold,event_within_3_checkups
7,0.7,0.8,C1_platt_logistic,all_rows,0.7488023985804614,0.75,51,68,condition_fold,event_within_3_checkups
8,0.8,0.9,C1_platt_logistic,all_rows,0.8546971308396497,0.8313253012048193,69,83,condition_fold,event_within_3_checkups
9,0.9,1.0,C1_platt_logistic,all_rows,0.949211228087391,0.9642857142857143,162,168,condition_fold,event_within_3_checkups
0,0.0,0.1,C1_platt_logistic,all_rows,0.056195861751432694,0.0436241610738255,26,596,profile_holdout_fold,event_within_3_checkups
1,0.1,0.2,C1_platt_logistic,all_rows,0.13859726577837614,0.09523809523809523,2,21,profile_holdout_fold,event_within_3_checkups
2,0.2,0.3,C1_platt_logistic,all_rows,0.24124183708822589,0.4166666666666667,5,12,profile_holdout_fold,event_within_3_checkups
3,0.3,0.4,C1_platt_logistic,all_rows,0.3413692171419502,0.2727272727272727,6,22,profile_holdout_fold,event_within_3_checkups
4,0.4,0.5,C1_platt_logistic,all_rows,0.46052527034357676,0.55,11,20,profile_holdout_fold,event_within_3_checkups
5,0.5,0.6,C1_platt_logistic,all_rows,0.5516493873270625,0.25,3,12,profile_holdout_fold,event_within_3_checkups
6,0.6,0.7,C1_platt_logistic,all_rows,0.6361180435029744,0.5925925925925926,16,27,profile_holdout_fold,event_within_3_checkups
7,0.7,0.8,C1_platt_logistic,all_rows,0.7385800871252303,0.9285714285714286,39,42,profile_holdout_fold,event_within_3_checkups
0,0.0,0.1,C1_platt_logistic,all_rows,0.00948752826630067,0.030821917808219176,45,1460,temperature_holdout_fold,event_within_3_checkups
1,0.1,0.2,C1_platt_logistic,all_rows,0.14036254955095015,0.3023255813953488,13,43,temperature_holdout_fold,event_within_3_checkups
2,0.2,0.3,C1_platt_logistic,all_rows,0.23892240634051473,0.3,6,20,temperature_holdout_fold,event_within_3_checkups
3,0.3,0.4,C1_platt_logistic,all_rows,0.34918069985018324,0.5263157894736842,10,19,temperature_holdout_fold,event_within_3_checkups
4,0.4,0.5,C1_platt_logistic,all_rows,0.45347043468837006,0.5172413793103449,15,29,temperature_holdout_fold,event_within_3_checkups
5,0.5,0.6,C1_platt_logistic,all_rows,0.5504362852270948,0.5,11,22,temperature_holdout_fold,event_within_3_checkups
6,0.6,0.7,C1_platt_logistic,all_rows,0.653958548719332,0.5,13,26,temperature_holdout_fold,event_within_3_checkups
7,0.7,0.8,C1_platt_logistic,all_rows,0.7450474504176545,0.6923076923076923,18,26,temperature_holdout_fold,event_within_3_checkups
8,0.8,0.9,C1_platt_logistic,all_rows,0.8615129861858886,0.7073170731707317,29,41,temperature_holdout_fold,event_within_3_checkups
9,0.9,1.0,C1_platt_logistic,all_rows,0.9525259826391138,0.8879310344827587,103,116,temperature_holdout_fold,event_within_3_checkups
0,0.0,0.1,C1_platt_logistic,all_rows,0.008451074098992085,0.050928699820251645,170,3338,voltage_window_holdout_fold,event_within_3_checkups
1,0.1,0.2,C1_platt_logistic,all_rows,0.1346220561847714,0.5192307692307693,54,104,voltage_window_holdout_fold,event_within_3_checkups
2,0.2,0.3,C1_platt_logistic,all_rows,0.2459436755785583,0.5,33,66,voltage_window_holdout_fold,event_within_3_checkups
3,0.3,0.4,C1_platt_logistic,all_rows,0.3506231862707173,0.8205128205128205,32,39,voltage_window_holdout_fold,event_within_3_checkups
4,0.4,0.5,C1_platt_logistic,all_rows,0.44861930729895266,0.7142857142857143,20,28,voltage_window_holdout_fold,event_within_3_checkups
5,0.5,0.6,C1_platt_logistic,all_rows,0.5663741609633905,0.46153846153846156,6,13,voltage_window_holdout_fold,event_within_3_checkups
6,0.6,0.7,C1_platt_logistic,all_rows,0.6568136095242268,0.47619047619047616,10,21,voltage_window_holdout_fold,event_within_3_checkups
7,0.7,0.8,C1_platt_logistic,all_rows,0.7508867719837383,0.5172413793103449,15,29,voltage_window_holdout_fold,event_within_3_checkups
8,0.8,0.9,C1_platt_logistic,all_rows,0.8597042728923211,0.6176470588235294,21,34,voltage_window_holdout_fold,event_within_3_checkups
9,0.9,1.0,C1_platt_logistic,all_rows,0.9630565091594044,0.8580645161290322,133,155,voltage_window_holdout_fold,event_within_3_checkups
0,0.0,0.1,C2_isotonic,all_rows,0.008533305365223013,0.07692307692307693,5,65,c_rate_holdout_fold,event_within_3_checkups
1,0.1,0.2,C2_isotonic,all_rows,0.11846161986416907,0.4827586206896552,14,29,c_rate_holdout_fold,event_within_3_checkups
3,0.3,0.4,C2_isotonic,all_rows,0.3748717948717949,0.96,24,25,c_rate_holdout_fold,event_within_3_checkups
5,0.5,0.6,C2_isotonic,all_rows,0.5614263705586069,0.0,0,1,c_rate_holdout_fold,event_within_3_checkups
9,0.9,1.0,C2_isotonic,all_rows,0.9999990000000001,1.0,37,37,c_rate_holdout_fold,event_within_3_checkups
0,0.0,0.1,C2_isotonic,all_rows,0.002580856871686223,0.016349683016349682,49,2997,condition_fold,event_within_3_checkups
1,0.1,0.2,C2_isotonic,all_rows,0.11624399665431522,0.1513157894736842,23,152,condition_fold,event_within_3_checkups
2,0.2,0.3,C2_isotonic,all_rows,0.2519004580771931,0.28708133971291866,60,209,condition_fold,event_within_3_checkups
3,0.3,0.4,C2_isotonic,all_rows,0.32933388504635347,0.6190476190476191,13,21,condition_fold,event_within_3_checkups
4,0.4,0.5,C2_isotonic,all_rows,0.4081212646681414,0.3235294117647059,11,34,condition_fold,event_within_3_checkups
5,0.5,0.6,C2_isotonic,all_rows,0.5265817145448402,0.5555555555555556,45,81,condition_fold,event_within_3_checkups
6,0.6,0.7,C2_isotonic,all_rows,0.630519435443057,0.625,25,40,condition_fold,event_within_3_checkups
7,0.7,0.8,C2_isotonic,all_rows,0.7391058435328189,0.7619047619047619,32,42,condition_fold,event_within_3_checkups
8,0.8,0.9,C2_isotonic,all_rows,0.8385306931156962,0.9,63,70,condition_fold,event_within_3_checkups
9,0.9,1.0,C2_isotonic,all_rows,0.992923334230549,0.9558011049723757,173,181,condition_fold,event_within_3_checkups
0,0.0,0.1,C2_isotonic,all_rows,0.033771196845913606,0.04318936877076412,26,602,profile_holdout_fold,event_within_3_checkups
1,0.1,0.2,C2_isotonic,all_rows,0.1359387996766956,0.0,0,2,profile_holdout_fold,event_within_3_checkups
2,0.2,0.3,C2_isotonic,all_rows,0.2041666666666667,0.16666666666666666,2,12,profile_holdout_fold,event_within_3_checkups
3,0.3,0.4,C2_isotonic,all_rows,0.3647840320908273,0.0,0,1,profile_holdout_fold,event_within_3_checkups
4,0.4,0.5,C2_isotonic,all_rows,0.4023112427767525,0.3235294117647059,11,34,profile_holdout_fold,event_within_3_checkups
5,0.5,0.6,C2_isotonic,all_rows,0.5134517322049572,0.5263157894736842,30,57,profile_holdout_fold,event_within_3_checkups
6,0.6,0.7,C2_isotonic,all_rows,0.6089225426195233,0.0,0,2,profile_holdout_fold,event_within_3_checkups
7,0.7,0.8,C2_isotonic,all_rows,0.7222222222222222,0.9285714285714286,39,42,profile_holdout_fold,event_within_3_checkups
0,0.0,0.1,C2_isotonic,all_rows,0.001976790330079033,0.02510460251046025,36,1434,temperature_holdout_fold,event_within_3_checkups
1,0.1,0.2,C2_isotonic,all_rows,0.12157656929568302,0.16666666666666666,5,30,temperature_holdout_fold,event_within_3_checkups
2,0.2,0.3,C2_isotonic,all_rows,0.28,0.38461538461538464,5,13,temperature_holdout_fold,event_within_3_checkups
3,0.3,0.4,C2_isotonic,all_rows,0.34695515647447067,0.4225352112676056,30,71,temperature_holdout_fold,event_within_3_checkups
4,0.4,0.5,C2_isotonic,all_rows,0.47235594512514245,0.4788732394366197,34,71,temperature_holdout_fold,event_within_3_checkups
5,0.5,0.6,C2_isotonic,all_rows,0.5714285714285714,0.6666666666666666,2,3,temperature_holdout_fold,event_within_3_checkups
6,0.6,0.7,C2_isotonic,all_rows,0.634447225061852,0.8333333333333334,20,24,temperature_holdout_fold,event_within_3_checkups
7,0.7,0.8,C2_isotonic,all_rows,0.7013136488341797,1.0,1,1,temperature_holdout_fold,event_within_3_checkups
8,0.8,0.9,C2_isotonic,all_rows,0.8911707287334858,0.8518518518518519,46,54,temperature_holdout_fold,event_within_3_checkups
9,0.9,1.0,C2_isotonic,all_rows,0.996961864609752,0.8316831683168316,84,101,temperature_holdout_fold,event_within_3_checkups
0,0.0,0.1,C2_isotonic,all_rows,0.0018512024566431453,0.04735883424408015,156,3294,voltage_window_holdout_fold,event_within_3_checkups
1,0.1,0.2,C2_isotonic,all_rows,0.1381847041116107,0.4117647058823529,28,68,voltage_window_holdout_fold,event_within_3_checkups
2,0.2,0.3,C2_isotonic,all_rows,0.2561653582430282,0.6818181818181818,90,132,voltage_window_holdout_fold,event_within_3_checkups
3,0.3,0.4,C2_isotonic,all_rows,0.31917801172502186,0.4605263157894737,35,76,voltage_window_holdout_fold,event_within_3_checkups
4,0.4,0.5,C2_isotonic,all_rows,0.41907415713229534,0.0,0,1,voltage_window_holdout_fold,event_within_3_checkups
5,0.5,0.6,C2_isotonic,all_rows,0.5076259207220369,0.29411764705882354,5,17,voltage_window_holdout_fold,event_within_3_checkups
6,0.6,0.7,C2_isotonic,all_rows,0.6612554112554113,0.5,28,56,voltage_window_holdout_fold,event_within_3_checkups
9,0.9,1.0,C2_isotonic,all_rows,0.9793773396234398,0.8306010928961749,152,183,voltage_window_holdout_fold,event_within_3_checkups
0,0.0,0.1,C0_raw_hgb_w2,verified_only,0.011803566535571398,0.23529411764705882,20,85,c_rate_holdout_fold,event_within_3_checkups
1,0.1,0.2,C0_raw_hgb_w2,verified_only,0.15696987445875754,1.0,4,4,c_rate_holdout_fold,event_within_3_checkups
2,0.2,0.3,C0_raw_hgb_w2,verified_only,0.24204806507682738,1.0,6,6,c_rate_holdout_fold,event_within_3_checkups
3,0.3,0.4,C0_raw_hgb_w2,verified_only,0.34229729184223245,0.5,2,4,c_rate_holdout_fold,event_within_3_checkups
6,0.6,0.7,C0_raw_hgb_w2,verified_only,0.6540225942682776,1.0,4,4,c_rate_holdout_fold,event_within_3_checkups
7,0.7,0.8,C0_raw_hgb_w2,verified_only,0.7379269969749058,1.0,4,4,c_rate_holdout_fold,event_within_3_checkups
8,0.8,0.9,C0_raw_hgb_w2,verified_only,0.8339287026843017,0.9166666666666666,11,12,c_rate_holdout_fold,event_within_3_checkups
9,0.9,1.0,C0_raw_hgb_w2,verified_only,0.971653894145424,1.0,29,29,c_rate_holdout_fold,event_within_3_checkups
0,0.0,0.1,C0_raw_hgb_w2,verified_only,0.00864470792313608,0.033810888252149,59,1745,condition_fold,event_within_3_checkups
1,0.1,0.2,C0_raw_hgb_w2,verified_only,0.14280477701201894,0.3333333333333333,21,63,condition_fold,event_within_3_checkups
2,0.2,0.3,C0_raw_hgb_w2,verified_only,0.2367727546990139,0.32608695652173914,15,46,condition_fold,event_within_3_checkups
3,0.3,0.4,C0_raw_hgb_w2,verified_only,0.34730665650441833,0.3673469387755102,18,49,condition_fold,event_within_3_checkups
4,0.4,0.5,C0_raw_hgb_w2,verified_only,0.45853603236355894,0.4318181818181818,19,44,condition_fold,event_within_3_checkups
5,0.5,0.6,C0_raw_hgb_w2,verified_only,0.550474877743111,0.3225806451612903,10,31,condition_fold,event_within_3_checkups
6,0.6,0.7,C0_raw_hgb_w2,verified_only,0.6487494606518277,0.48717948717948717,19,39,condition_fold,event_within_3_checkups
7,0.7,0.8,C0_raw_hgb_w2,verified_only,0.7593761047822486,0.46808510638297873,22,47,condition_fold,event_within_3_checkups
8,0.8,0.9,C0_raw_hgb_w2,verified_only,0.85005482261532,0.5769230769230769,30,52,condition_fold,event_within_3_checkups
9,0.9,1.0,C0_raw_hgb_w2,verified_only,0.9710408163994511,0.886435331230284,281,317,condition_fold,event_within_3_checkups
0,0.0,0.1,C0_raw_hgb_w2,verified_only,0.007464210757705908,0.030201342281879196,18,596,profile_holdout_fold,event_within_3_checkups
1,0.1,0.2,C0_raw_hgb_w2,verified_only,0.126465527034629,0.2222222222222222,2,9,profile_holdout_fold,event_within_3_checkups
2,0.2,0.3,C0_raw_hgb_w2,verified_only,0.24711488244657268,0.25,3,12,profile_holdout_fold,event_within_3_checkups
4,0.4,0.5,C0_raw_hgb_w2,verified_only,0.467534330970457,0.3333333333333333,1,3,profile_holdout_fold,event_within_3_checkups
5,0.5,0.6,C0_raw_hgb_w2,verified_only,0.561824585102647,0.25,2,8,profile_holdout_fold,event_within_3_checkups
6,0.6,0.7,C0_raw_hgb_w2,verified_only,0.6482551533134406,0.15789473684210525,3,19,profile_holdout_fold,event_within_3_checkups
7,0.7,0.8,C0_raw_hgb_w2,verified_only,0.722750643152805,0.2857142857142857,2,7,profile_holdout_fold,event_within_3_checkups
8,0.8,0.9,C0_raw_hgb_w2,verified_only,0.8331992162290726,1.0,1,1,profile_holdout_fold,event_within_3_checkups
9,0.9,1.0,C0_raw_hgb_w2,verified_only,0.9806402507758895,0.7835051546391752,76,97,profile_holdout_fold,event_within_3_checkups
0,0.0,0.1,C0_raw_hgb_w2,verified_only,0.008978991393764244,0.040229885057471264,35,870,temperature_holdout_fold,event_within_3_checkups
1,0.1,0.2,C0_raw_hgb_w2,verified_only,0.14843032398672998,0.1590909090909091,7,44,temperature_holdout_fold,event_within_3_checkups
2,0.2,0.3,C0_raw_hgb_w2,verified_only,0.2425358363896745,0.47058823529411764,8,17,temperature_holdout_fold,event_within_3_checkups
3,0.3,0.4,C0_raw_hgb_w2,verified_only,0.35016494518462926,0.06666666666666667,1,15,temperature_holdout_fold,event_within_3_checkups
4,0.4,0.5,C0_raw_hgb_w2,verified_only,0.45746679024022885,0.2777777777777778,5,18,temperature_holdout_fold,event_within_3_checkups
5,0.5,0.6,C0_raw_hgb_w2,verified_only,0.5479730997710943,0.56,14,25,temperature_holdout_fold,event_within_3_checkups
6,0.6,0.7,C0_raw_hgb_w2,verified_only,0.6493659768991302,0.30434782608695654,7,23,temperature_holdout_fold,event_within_3_checkups
7,0.7,0.8,C0_raw_hgb_w2,verified_only,0.7512834676633702,0.4230769230769231,11,26,temperature_holdout_fold,event_within_3_checkups
8,0.8,0.9,C0_raw_hgb_w2,verified_only,0.8598941442982091,0.6129032258064516,19,31,temperature_holdout_fold,event_within_3_checkups
9,0.9,1.0,C0_raw_hgb_w2,verified_only,0.9751053609447311,0.8524590163934426,156,183,temperature_holdout_fold,event_within_3_checkups
0,0.0,0.1,C0_raw_hgb_w2,verified_only,0.0054816512352887595,0.051758460517584606,78,1507,voltage_window_holdout_fold,event_within_3_checkups
1,0.1,0.2,C0_raw_hgb_w2,verified_only,0.14622467345427856,0.11940298507462686,8,67,voltage_window_holdout_fold,event_within_3_checkups
2,0.2,0.3,C0_raw_hgb_w2,verified_only,0.23819367379889272,0.22448979591836735,11,49,voltage_window_holdout_fold,event_within_3_checkups
3,0.3,0.4,C0_raw_hgb_w2,verified_only,0.34407010473714905,0.15217391304347827,7,46,voltage_window_holdout_fold,event_within_3_checkups
4,0.4,0.5,C0_raw_hgb_w2,verified_only,0.47125677993563453,0.025,1,40,voltage_window_holdout_fold,event_within_3_checkups
5,0.5,0.6,C0_raw_hgb_w2,verified_only,0.5537315347221805,0.16129032258064516,5,31,voltage_window_holdout_fold,event_within_3_checkups
6,0.6,0.7,C0_raw_hgb_w2,verified_only,0.649197691362011,0.23809523809523808,10,42,voltage_window_holdout_fold,event_within_3_checkups
7,0.7,0.8,C0_raw_hgb_w2,verified_only,0.7490603113690534,0.2,9,45,voltage_window_holdout_fold,event_within_3_checkups
8,0.8,0.9,C0_raw_hgb_w2,verified_only,0.8536930751876102,0.2711864406779661,16,59,voltage_window_holdout_fold,event_within_3_checkups
9,0.9,1.0,C0_raw_hgb_w2,verified_only,0.9644383687662144,0.6380255941499086,349,547,voltage_window_holdout_fold,event_within_3_checkups
0,0.0,0.1,C1_platt_logistic,verified_only,0.046897612708686594,0.16923076923076924,11,65,c_rate_holdout_fold,event_within_3_checkups
1,0.1,0.2,C1_platt_logistic,verified_only,0.15143312473793788,0.35714285714285715,5,14,c_rate_holdout_fold,event_within_3_checkups
2,0.2,0.3,C1_platt_logistic,verified_only,0.21281346638093854,0.6666666666666666,4,6,c_rate_holdout_fold,event_within_3_checkups
3,0.3,0.4,C1_platt_logistic,verified_only,0.35925886055767803,1.0,4,4,c_rate_holdout_fold,event_within_3_checkups
4,0.4,0.5,C1_platt_logistic,verified_only,0.43927292164726844,1.0,6,6,c_rate_holdout_fold,event_within_3_checkups
5,0.5,0.6,C1_platt_logistic,verified_only,0.5143779458820016,0.5,2,4,c_rate_holdout_fold,event_within_3_checkups
6,0.6,0.7,C1_platt_logistic,verified_only,0.6765898756293143,1.0,1,1,c_rate_holdout_fold,event_within_3_checkups
7,0.7,0.8,C1_platt_logistic,verified_only,0.7390088146190047,1.0,8,8,c_rate_holdout_fold,event_within_3_checkups
8,0.8,0.9,C1_platt_logistic,verified_only,0.8290939837915087,0.9333333333333333,14,15,c_rate_holdout_fold,event_within_3_checkups
9,0.9,1.0,C1_platt_logistic,verified_only,0.9480743955247212,1.0,25,25,c_rate_holdout_fold,event_within_3_checkups
0,0.0,0.1,C1_platt_logistic,verified_only,0.01731530036282093,0.02976190476190476,50,1680,condition_fold,event_within_3_checkups
1,0.1,0.2,C1_platt_logistic,verified_only,0.1429114833748947,0.2,22,110,condition_fold,event_within_3_checkups
2,0.2,0.3,C1_platt_logistic,verified_only,0.2419394504265453,0.3382352941176471,23,68,condition_fold,event_within_3_checkups
3,0.3,0.4,C1_platt_logistic,verified_only,0.34629016653213857,0.4772727272727273,21,44,condition_fold,event_within_3_checkups
4,0.4,0.5,C1_platt_logistic,verified_only,0.4519500090786147,0.234375,15,64,condition_fold,event_within_3_checkups
5,0.5,0.6,C1_platt_logistic,verified_only,0.5537497453937538,0.38,19,50,condition_fold,event_within_3_checkups
6,0.6,0.7,C1_platt_logistic,verified_only,0.652757208963382,0.5753424657534246,42,73,condition_fold,event_within_3_checkups
7,0.7,0.8,C1_platt_logistic,verified_only,0.7461145133417794,0.7058823529411765,48,68,condition_fold,event_within_3_checkups
8,0.8,0.9,C1_platt_logistic,verified_only,0.8548112170977559,0.7804878048780488,64,82,condition_fold,event_within_3_checkups
9,0.9,1.0,C1_platt_logistic,verified_only,0.9624467257622576,0.979381443298969,190,194,condition_fold,event_within_3_checkups
0,0.0,0.1,C1_platt_logistic,verified_only,0.030526214308567664,0.01092896174863388,6,549,profile_holdout_fold,event_within_3_checkups
1,0.1,0.2,C1_platt_logistic,verified_only,0.15481855074942416,0.3142857142857143,11,35,profile_holdout_fold,event_within_3_checkups
2,0.2,0.3,C1_platt_logistic,verified_only,0.23901380206019382,0.1,1,10,profile_holdout_fold,event_within_3_checkups
3,0.3,0.4,C1_platt_logistic,verified_only,0.34649838643072817,0.2,2,10,profile_holdout_fold,event_within_3_checkups
4,0.4,0.5,C1_platt_logistic,verified_only,0.4760460108026532,0.16666666666666666,1,6,profile_holdout_fold,event_within_3_checkups
5,0.5,0.6,C1_platt_logistic,verified_only,0.548672673892339,0.2857142857142857,2,7,profile_holdout_fold,event_within_3_checkups
6,0.6,0.7,C1_platt_logistic,verified_only,0.6988862965907893,0.0,0,1,profile_holdout_fold,event_within_3_checkups
7,0.7,0.8,C1_platt_logistic,verified_only,0.767734114164414,0.21428571428571427,3,14,profile_holdout_fold,event_within_3_checkups
8,0.8,0.9,C1_platt_logistic,verified_only,0.8328127546668348,0.22727272727272727,5,22,profile_holdout_fold,event_within_3_checkups
9,0.9,1.0,C1_platt_logistic,verified_only,0.9849565465344763,0.7857142857142857,77,98,profile_holdout_fold,event_within_3_checkups
0,0.0,0.1,C1_platt_logistic,verified_only,0.014876349958886691,0.039908779931584946,35,877,temperature_holdout_fold,event_within_3_checkups
1,0.1,0.2,C1_platt_logistic,verified_only,0.13703164576325366,0.26785714285714285,15,56,temperature_holdout_fold,event_within_3_checkups
2,0.2,0.3,C1_platt_logistic,verified_only,0.25358955844186204,0.1,3,30,temperature_holdout_fold,event_within_3_checkups
3,0.3,0.4,C1_platt_logistic,verified_only,0.346072001074358,0.3142857142857143,11,35,temperature_holdout_fold,event_within_3_checkups
4,0.4,0.5,C1_platt_logistic,verified_only,0.4375784914887601,0.5161290322580645,16,31,temperature_holdout_fold,event_within_3_checkups
5,0.5,0.6,C1_platt_logistic,verified_only,0.5469917099022821,0.47368421052631576,9,19,temperature_holdout_fold,event_within_3_checkups
6,0.6,0.7,C1_platt_logistic,verified_only,0.6428770017795717,0.6086956521739131,14,23,temperature_holdout_fold,event_within_3_checkups
7,0.7,0.8,C1_platt_logistic,verified_only,0.7451475481600404,0.6774193548387096,21,31,temperature_holdout_fold,event_within_3_checkups
8,0.8,0.9,C1_platt_logistic,verified_only,0.8636232041469514,0.8690476190476191,73,84,temperature_holdout_fold,event_within_3_checkups
9,0.9,1.0,C1_platt_logistic,verified_only,0.9387740111227032,1.0,66,66,temperature_holdout_fold,event_within_3_checkups
0,0.0,0.1,C1_platt_logistic,verified_only,0.019461647459389598,0.04576043068640646,68,1486,voltage_window_holdout_fold,event_within_3_checkups
1,0.1,0.2,C1_platt_logistic,verified_only,0.15522587771197313,0.16129032258064516,20,124,voltage_window_holdout_fold,event_within_3_checkups
2,0.2,0.3,C1_platt_logistic,verified_only,0.250052955579019,0.14736842105263157,14,95,voltage_window_holdout_fold,event_within_3_checkups
3,0.3,0.4,C1_platt_logistic,verified_only,0.34841567457638833,0.16417910447761194,11,67,voltage_window_holdout_fold,event_within_3_checkups
4,0.4,0.5,C1_platt_logistic,verified_only,0.4502877705950246,0.24561403508771928,14,57,voltage_window_holdout_fold,event_within_3_checkups
5,0.5,0.6,C1_platt_logistic,verified_only,0.5534621880343783,0.3387096774193548,21,62,voltage_window_holdout_fold,event_within_3_checkups
6,0.6,0.7,C1_platt_logistic,verified_only,0.6541872927076886,0.31645569620253167,50,158,voltage_window_holdout_fold,event_within_3_checkups
7,0.7,0.8,C1_platt_logistic,verified_only,0.7413757576243544,0.6428571428571429,126,196,voltage_window_holdout_fold,event_within_3_checkups
8,0.8,0.9,C1_platt_logistic,verified_only,0.8443769966352352,0.8490566037735849,90,106,voltage_window_holdout_fold,event_within_3_checkups
9,0.9,1.0,C1_platt_logistic,verified_only,0.9330130208592963,0.975609756097561,80,82,voltage_window_holdout_fold,event_within_3_checkups
0,0.0,0.1,C2_isotonic,verified_only,0.03238161238095238,0.06,3,50,c_rate_holdout_fold,event_within_3_checkups
1,0.1,0.2,C2_isotonic,verified_only,0.17340163595802693,0.4857142857142857,17,35,c_rate_holdout_fold,event_within_3_checkups
4,0.4,0.5,C2_isotonic,verified_only,0.4209480760075178,0.8666666666666667,13,15,c_rate_holdout_fold,event_within_3_checkups
5,0.5,0.6,C2_isotonic,verified_only,0.5,1.0,3,3,c_rate_holdout_fold,event_within_3_checkups
6,0.6,0.7,C2_isotonic,verified_only,0.6676112820159977,1.0,5,5,c_rate_holdout_fold,event_within_3_checkups
8,0.8,0.9,C2_isotonic,verified_only,0.875,0.9333333333333333,14,15,c_rate_holdout_fold,event_within_3_checkups
9,0.9,1.0,C2_isotonic,verified_only,0.9799814319189862,1.0,25,25,c_rate_holdout_fold,event_within_3_checkups
0,0.0,0.1,C2_isotonic,verified_only,0.0059479057668733,0.026674937965260544,43,1612,condition_fold,event_within_3_checkups
1,0.1,0.2,C2_isotonic,verified_only,0.14144129298590788,0.16666666666666666,10,60,condition_fold,event_within_3_checkups
2,0.2,0.3,C2_isotonic,verified_only,0.24050857493088132,0.2689075630252101,64,238,condition_fold,event_within_3_checkups
3,0.3,0.4,C2_isotonic,verified_only,0.3543832501491924,0.3333333333333333,8,24,condition_fold,event_within_3_checkups
4,0.4,0.5,C2_isotonic,verified_only,0.4127027170955351,0.35384615384615387,23,65,condition_fold,event_within_3_checkups
5,0.5,0.6,C2_isotonic,verified_only,0.548110060658281,0.49056603773584906,26,53,condition_fold,event_within_3_checkups
6,0.6,0.7,C2_isotonic,verified_only,0.6653908820154987,0.64,48,75,condition_fold,event_within_3_checkups
7,0.7,0.8,C2_isotonic,verified_only,0.7459028120729941,0.6,27,45,condition_fold,event_within_3_checkups
8,0.8,0.9,C2_isotonic,verified_only,0.8581262563379117,0.7777777777777778,21,27,condition_fold,event_within_3_checkups
9,0.9,1.0,C2_isotonic,verified_only,0.9905289572996469,0.9572649572649573,224,234,condition_fold,event_within_3_checkups
0,0.0,0.1,C2_isotonic,verified_only,1e-06,0.01090909090909091,6,550,profile_holdout_fold,event_within_3_checkups
3,0.3,0.4,C2_isotonic,verified_only,0.35902689066879445,0.2727272727272727,6,22,profile_holdout_fold,event_within_3_checkups
4,0.4,0.5,C2_isotonic,verified_only,0.451142293349462,0.3333333333333333,6,18,profile_holdout_fold,event_within_3_checkups
5,0.5,0.6,C2_isotonic,verified_only,0.5852061447622062,0.19298245614035087,11,57,profile_holdout_fold,event_within_3_checkups
6,0.6,0.7,C2_isotonic,verified_only,0.6808172497883824,0.5,1,2,profile_holdout_fold,event_within_3_checkups
7,0.7,0.8,C2_isotonic,verified_only,0.75,0.25,1,4,profile_holdout_fold,event_within_3_checkups
8,0.8,0.9,C2_isotonic,verified_only,0.853072244409619,0.0,0,1,profile_holdout_fold,event_within_3_checkups
9,0.9,1.0,C2_isotonic,verified_only,0.993707763545252,0.7857142857142857,77,98,profile_holdout_fold,event_within_3_checkups
0,0.0,0.1,C2_isotonic,verified_only,0.006193747890226289,0.04077010192525481,36,883,temperature_holdout_fold,event_within_3_checkups
1,0.1,0.2,C2_isotonic,verified_only,0.18086928593083276,0.14035087719298245,8,57,temperature_holdout_fold,event_within_3_checkups
2,0.2,0.3,C2_isotonic,verified_only,0.22949137060970412,0.46153846153846156,12,26,temperature_holdout_fold,event_within_3_checkups
4,0.4,0.5,C2_isotonic,verified_only,0.4424931209426901,0.2727272727272727,21,77,temperature_holdout_fold,event_within_3_checkups
5,0.5,0.6,C2_isotonic,verified_only,0.5306122448979592,0.9411764705882353,16,17,temperature_holdout_fold,event_within_3_checkups
6,0.6,0.7,C2_isotonic,verified_only,0.6153846153846154,0.8888888888888888,24,27,temperature_holdout_fold,event_within_3_checkups
7,0.7,0.8,C2_isotonic,verified_only,0.7620101637487171,0.6086956521739131,14,23,temperature_holdout_fold,event_within_3_checkups
8,0.8,0.9,C2_isotonic,verified_only,0.8033219620180311,0.7647058823529411,13,17,temperature_holdout_fold,event_within_3_checkups
9,0.9,1.0,C2_isotonic,verified_only,0.9477967921083588,0.952,119,125,temperature_holdout_fold,event_within_3_checkups
0,0.0,0.1,C2_isotonic,verified_only,0.010660402824320056,0.03346994535519126,49,1464,voltage_window_holdout_fold,event_within_3_checkups
1,0.1,0.2,C2_isotonic,verified_only,0.16320036180462674,0.4025974025974026,31,77,voltage_window_holdout_fold,event_within_3_checkups
2,0.2,0.3,C2_isotonic,verified_only,0.20000000000000004,0.5416666666666666,13,24,voltage_window_holdout_fold,event_within_3_checkups
3,0.3,0.4,C2_isotonic,verified_only,0.3783783783783784,0.12142857142857143,34,280,voltage_window_holdout_fold,event_within_3_checkups
4,0.4,0.5,C2_isotonic,verified_only,0.43699968439045644,0.33689839572192515,63,187,voltage_window_holdout_fold,event_within_3_checkups
5,0.5,0.6,C2_isotonic,verified_only,0.5678358602088813,1.0,1,1,voltage_window_holdout_fold,event_within_3_checkups
6,0.6,0.7,C2_isotonic,verified_only,0.66460506334684,0.5436893203883495,56,103,voltage_window_holdout_fold,event_within_3_checkups
7,0.7,0.8,C2_isotonic,verified_only,0.7375895045484956,0.8157894736842105,31,38,voltage_window_holdout_fold,event_within_3_checkups
8,0.8,0.9,C2_isotonic,verified_only,0.8412294094171959,0.3333333333333333,2,6,voltage_window_holdout_fold,event_within_3_checkups
9,0.9,1.0,C2_isotonic,verified_only,0.9988923938249373,0.8458498023715415,214,253,voltage_window_holdout_fold,event_within_3_checkups
