bag_count,condition_mean_mae,condition_median_mae,feature_group,fold_count,mean_mae,mean_rmse,model_level,model_setting_id,run_scope,selected_variants,split_name,target,weight_strength,worst_condition_mae
1,0.12518636786777063,0.11979160891693752,F4_state_log_age_scalar,1,0.09184040307093654,0.15916538230897417,R0_reference_hgb50,R0_reference_hgb50,primary,,c_rate_holdout_fold,capacity_Ah_k1,0.0,0.2764345999580851
1,0.05392666527617392,0.04475224925416543,F4_state_log_age_scalar,5,0.030995424062215438,0.07218590001186348,R0_reference_hgb50,R0_reference_hgb50,primary,,condition_fold,capacity_Ah_k1,0.0,0.2588867309972366
1,0.08436802390070613,0.07367608976551171,F4_state_log_age_scalar,1,0.07006006630902376,0.10819020685237836,R0_reference_hgb50,R0_reference_hgb50,primary,,profile_holdout_fold,capacity_Ah_k1,0.0,0.17718560597321364
1,0.06929389733378725,0.05925269097387954,F4_state_log_age_scalar,2,0.03871997782735417,0.09228357738144016,R0_reference_hgb50,R0_reference_hgb50,primary,,temperature_holdout_fold,capacity_Ah_k1,0.0,0.2782085808786395
1,0.08441287861354206,0.07963764587076089,F4_state_log_age_scalar,3,0.06239438477866092,0.09793486716838541,R0_reference_hgb50,R0_reference_hgb50,primary,,voltage_window_holdout_fold,capacity_Ah_k1,0.0,0.3603624225203877
1,0.10113277130259181,0.08979647569805231,F4_state_log_age_scalar,1,0.08173421578436833,0.12616470780674297,R0_reference_hgb50,R0_reference_hgb50,primary,,c_rate_holdout_fold,delta_capacity_Ah,0.0,0.193505570859936
1,0.044644919626207015,0.037842726786889436,F4_state_log_age_scalar,5,0.026415232316391646,0.06338160048814606,R0_reference_hgb50,R0_reference_hgb50,primary,,condition_fold,delta_capacity_Ah,0.0,0.18312179107343562
1,0.10915767923739267,0.10635580708256355,F4_state_log_age_scalar,1,0.10086052487805526,0.13749674052456434,R0_reference_hgb50,R0_reference_hgb50,primary,,profile_holdout_fold,delta_capacity_Ah,0.0,0.17749020768298213
1,0.04857476766234761,0.04784279126059907,F4_state_log_age_scalar,2,0.02841401828990739,0.0775029685431727,R0_reference_hgb50,R0_reference_hgb50,primary,,temperature_holdout_fold,delta_capacity_Ah,0.0,0.16868537789777535
1,0.07084470672683431,0.061544839778507214,F4_state_log_age_scalar,3,0.05918880560915315,0.0807328445305194,R0_reference_hgb50,R0_reference_hgb50,primary,,voltage_window_holdout_fold,delta_capacity_Ah,0.0,0.2315662886975436
1,0.12244211150469492,0.10792304693682522,F8_timestamp_weighted_stress,1,0.08814494356804406,0.14958573796285973,R0_reference_hgb50,R0_reference_hgb50,primary,,c_rate_holdout_fold,capacity_Ah_k1,0.0,0.2539914861259202
1,0.05357260418838129,0.04404255391201638,F8_timestamp_weighted_stress,5,0.031447922865746145,0.07237443538058565,R0_reference_hgb50,R0_reference_hgb50,primary,,condition_fold,capacity_Ah_k1,0.0,0.2578082469271345
1,0.09760217173253728,0.07748000396147817,F8_timestamp_weighted_stress,1,0.07742961104185911,0.12253089131807185,R0_reference_hgb50,R0_reference_hgb50,primary,,profile_holdout_fold,capacity_Ah_k1,0.0,0.2409738886903882
1,0.06426764374153762,0.05214096446431114,F8_timestamp_weighted_stress,2,0.03714096089602312,0.08972053789283846,R0_reference_hgb50,R0_reference_hgb50,primary,,temperature_holdout_fold,capacity_Ah_k1,0.0,0.27110814311431214
1,0.17064715207936518,0.18123623277060777,F8_timestamp_weighted_stress,3,0.14981470228816207,0.19330418981753303,R0_reference_hgb50,R0_reference_hgb50,primary,,voltage_window_holdout_fold,capacity_Ah_k1,0.0,0.41067939456658337
1,0.10251578832333012,0.07764103216483734,F8_timestamp_weighted_stress,1,0.07625761784761585,0.12285078545765196,R0_reference_hgb50,R0_reference_hgb50,primary,,c_rate_holdout_fold,delta_capacity_Ah,0.0,0.21193834940315578
1,0.04170028239886194,0.03619727019791498,F8_timestamp_weighted_stress,5,0.02515586447443129,0.06021333286176837,R0_reference_hgb50,R0_reference_hgb50,primary,,condition_fold,delta_capacity_Ah,0.0,0.1901932227892993
1,0.08269291452361342,0.07944786889520948,F8_timestamp_weighted_stress,1,0.06870435608861869,0.10384915778014162,R0_reference_hgb50,R0_reference_hgb50,primary,,profile_holdout_fold,delta_capacity_Ah,0.0,0.16448024851403886
1,0.048683704783932746,0.0424510880350391,F8_timestamp_weighted_stress,2,0.02968300814851517,0.07483299705840088,R0_reference_hgb50,R0_reference_hgb50,primary,,temperature_holdout_fold,delta_capacity_Ah,0.0,0.14762688345553496
1,0.12657196344726485,0.12765823494651266,F8_timestamp_weighted_stress,3,0.11611475211641394,0.13893885446750956,R0_reference_hgb50,R0_reference_hgb50,primary,,voltage_window_holdout_fold,delta_capacity_Ah,0.0,0.22343841235845485
1,0.11776605565695615,0.10673934651769615,F4_state_log_age_scalar,1,0.08806869279940882,0.1481517026243534,R1_condition_balanced_hgb,R1_condition_balanced_hgb__w0p25,primary,,c_rate_holdout_fold,capacity_Ah_k1,0.25,0.2633362032020224
1,0.05255000427720573,0.04362576649154319,F4_state_log_age_scalar,5,0.030984710515203028,0.07244884504632143,R1_condition_balanced_hgb,R1_condition_balanced_hgb__w0p25,primary,,condition_fold,capacity_Ah_k1,0.25,0.23571054255703938
1,0.1027050051284683,0.08997121989683785,F4_state_log_age_scalar,1,0.0888186116515001,0.1310136184120954,R1_condition_balanced_hgb,R1_condition_balanced_hgb__w0p25,primary,,profile_holdout_fold,capacity_Ah_k1,0.25,0.19829671938158314
1,0.07405411221584121,0.06228877775542447,F4_state_log_age_scalar,2,0.042015018077257896,0.09439081507781032,R1_condition_balanced_hgb,R1_condition_balanced_hgb__w0p25,primary,,temperature_holdout_fold,capacity_Ah_k1,0.25,0.29498953160715924
1,0.08653781276527524,0.08147170101565698,F4_state_log_age_scalar,3,0.06421229829872378,0.0962710284673526,R1_condition_balanced_hgb,R1_condition_balanced_hgb__w0p25,primary,,voltage_window_holdout_fold,capacity_Ah_k1,0.25,0.4000992260936285
1,0.08383260001442759,0.07360546702894238,F4_state_log_age_scalar,1,0.07121596993925919,0.11440940012624076,R1_condition_balanced_hgb,R1_condition_balanced_hgb__w0p25,primary,,c_rate_holdout_fold,delta_capacity_Ah,0.25,0.177468419009017
1,0.04525966375432716,0.03850327283710856,F4_state_log_age_scalar,5,0.026666271299056188,0.06398437537014133,R1_condition_balanced_hgb,R1_condition_balanced_hgb__w0p25,primary,,condition_fold,delta_capacity_Ah,0.25,0.16942747438132066
1,0.11816798776394354,0.12343589258185705,F4_state_log_age_scalar,1,0.10943948025551123,0.1433956157035657,R1_condition_balanced_hgb,R1_condition_balanced_hgb__w0p25,primary,,profile_holdout_fold,delta_capacity_Ah,0.25,0.19109714345932058
1,0.05206499294779347,0.04921092736679583,F4_state_log_age_scalar,2,0.02912957121195872,0.07842285512377759,R1_condition_balanced_hgb,R1_condition_balanced_hgb__w0p25,primary,,temperature_holdout_fold,delta_capacity_Ah,0.25,0.16762750795292775
1,0.0755101794399515,0.0755438328381114,F4_state_log_age_scalar,3,0.06831231065839356,0.09314086707118709,R1_condition_balanced_hgb,R1_condition_balanced_hgb__w0p25,primary,,voltage_window_holdout_fold,delta_capacity_Ah,0.25,0.23365754965958063
1,0.12924495949896378,0.10031567354603492,F8_timestamp_weighted_stress,1,0.09112177701907613,0.1509210863900575,R1_condition_balanced_hgb,R1_condition_balanced_hgb__w0p25,primary,,c_rate_holdout_fold,capacity_Ah_k1,0.25,0.27043683736616136
1,0.05309116973089125,0.04281836761395935,F8_timestamp_weighted_stress,5,0.031634299650738634,0.07239458231311484,R1_condition_balanced_hgb,R1_condition_balanced_hgb__w0p25,primary,,condition_fold,capacity_Ah_k1,0.25,0.2547060528571698
1,0.10645765106825378,0.08195091810479355,F8_timestamp_weighted_stress,1,0.0865477953913368,0.13242212323666028,R1_condition_balanced_hgb,R1_condition_balanced_hgb__w0p25,primary,,profile_holdout_fold,capacity_Ah_k1,0.25,0.24716431554794943
1,0.06918400161848663,0.05772355289840001,F8_timestamp_weighted_stress,2,0.03986982985603986,0.09167620083452985,R1_condition_balanced_hgb,R1_condition_balanced_hgb__w0p25,primary,,temperature_holdout_fold,capacity_Ah_k1,0.25,0.2775347131156412
1,0.18949203160189934,0.20790063327778888,F8_timestamp_weighted_stress,3,0.1706361442951588,0.21745551891137935,R1_condition_balanced_hgb,R1_condition_balanced_hgb__w0p25,primary,,voltage_window_holdout_fold,capacity_Ah_k1,0.25,0.44894922945409166
1,0.09622699035443096,0.07356392587328761,F8_timestamp_weighted_stress,1,0.07350007863473293,0.1152138528087819,R1_condition_balanced_hgb,R1_condition_balanced_hgb__w0p25,primary,,c_rate_holdout_fold,delta_capacity_Ah,0.25,0.20397831442143508
1,0.04190656271623352,0.03608567852341103,F8_timestamp_weighted_stress,5,0.025576921219940728,0.06036507662627113,R1_condition_balanced_hgb,R1_condition_balanced_hgb__w0p25,primary,,condition_fold,delta_capacity_Ah,0.25,0.18604871378600416
1,0.09846477964259441,0.09067860167901645,F8_timestamp_weighted_stress,1,0.08026946934033649,0.12127942624713617,R1_condition_balanced_hgb,R1_condition_balanced_hgb__w0p25,primary,,profile_holdout_fold,delta_capacity_Ah,0.25,0.202556568709747
1,0.048074705387027634,0.0452451490880022,F8_timestamp_weighted_stress,2,0.029152586738827917,0.07474324979442436,R1_condition_balanced_hgb,R1_condition_balanced_hgb__w0p25,primary,,temperature_holdout_fold,delta_capacity_Ah,0.25,0.17064468620799306
1,0.13634260043159221,0.1324087660604686,F8_timestamp_weighted_stress,3,0.1264115596637154,0.14934972467538168,R1_condition_balanced_hgb,R1_condition_balanced_hgb__w0p25,primary,,voltage_window_holdout_fold,delta_capacity_Ah,0.25,0.2354123898660245
1,0.12404111104446099,0.11239676285281906,F4_state_log_age_scalar,1,0.09127337765023259,0.15311570911741446,R1_condition_balanced_hgb,R1_condition_balanced_hgb__w0p5,primary,,c_rate_holdout_fold,capacity_Ah_k1,0.5,0.28016192032381626
1,0.053748049154908176,0.0446088264379305,F4_state_log_age_scalar,5,0.03240112327014337,0.07284343773417909,R1_condition_balanced_hgb,R1_condition_balanced_hgb__w0p5,primary,,condition_fold,capacity_Ah_k1,0.5,0.24409126997833566
1,0.10956734414560987,0.0962103753200727,F4_state_log_age_scalar,1,0.09479872780554392,0.13782643033080927,R1_condition_balanced_hgb,R1_condition_balanced_hgb__w0p5,primary,,profile_holdout_fold,capacity_Ah_k1,0.5,0.22558971989598414
1,0.0717949414244421,0.06238265259406203,F4_state_log_age_scalar,2,0.04083709278482337,0.09365697130035901,R1_condition_balanced_hgb,R1_condition_balanced_hgb__w0p5,primary,,temperature_holdout_fold,capacity_Ah_k1,0.5,0.3015768588047309
1,0.08826069307389998,0.08297904163091092,F4_state_log_age_scalar,3,0.0676009054606348,0.09909122269479709,R1_condition_balanced_hgb,R1_condition_balanced_hgb__w0p5,primary,,voltage_window_holdout_fold,capacity_Ah_k1,0.5,0.38537515843541365
1,0.08227091356829698,0.07835187701637764,F4_state_log_age_scalar,1,0.07207697055596723,0.11579716999645148,R1_condition_balanced_hgb,R1_condition_balanced_hgb__w0p5,primary,,c_rate_holdout_fold,delta_capacity_Ah,0.5,0.18224513854740357
1,0.04443319288160613,0.03848701520649837,F4_state_log_age_scalar,5,0.02669662962434295,0.06409791073403347,R1_condition_balanced_hgb,R1_condition_balanced_hgb__w0p5,primary,,condition_fold,delta_capacity_Ah,0.5,0.17038115514492672
1,0.1135053166502396,0.10696680405710585,F4_state_log_age_scalar,1,0.1008073982423146,0.1430753040462124,R1_condition_balanced_hgb,R1_condition_balanced_hgb__w0p5,primary,,profile_holdout_fold,delta_capacity_Ah,0.5,0.2005847383464152
1,0.049964108362323345,0.05070029419533838,F4_state_log_age_scalar,2,0.02939000800012152,0.0785328503808078,R1_condition_balanced_hgb,R1_condition_balanced_hgb__w0p5,primary,,temperature_holdout_fold,delta_capacity_Ah,0.5,0.16432974733191966
1,0.07785544634642069,0.07826648621580222,F4_state_log_age_scalar,3,0.0702095948204846,0.09680817489300207,R1_condition_balanced_hgb,R1_condition_balanced_hgb__w0p5,primary,,voltage_window_holdout_fold,delta_capacity_Ah,0.5,0.223308027055492
1,0.12850834192914093,0.10485163993630721,F8_timestamp_weighted_stress,1,0.09119976115366694,0.14978579313678494,R1_condition_balanced_hgb,R1_condition_balanced_hgb__w0p5,primary,,c_rate_holdout_fold,capacity_Ah_k1,0.5,0.26641494251133907
1,0.053294619756543815,0.04158301273726591,F8_timestamp_weighted_stress,5,0.032422877147524495,0.07201251062907502,R1_condition_balanced_hgb,R1_condition_balanced_hgb__w0p5,primary,,condition_fold,capacity_Ah_k1,0.5,0.24868188579175934
1,0.1088477299543565,0.08690331678618607,F8_timestamp_weighted_stress,1,0.08631722379224432,0.13348191211243274,R1_condition_balanced_hgb,R1_condition_balanced_hgb__w0p5,primary,,profile_holdout_fold,capacity_Ah_k1,0.5,0.26708100484904507
1,0.06902402553583768,0.05502100632710936,F8_timestamp_weighted_stress,2,0.04040879125195947,0.09183918054147809,R1_condition_balanced_hgb,R1_condition_balanced_hgb__w0p5,primary,,temperature_holdout_fold,capacity_Ah_k1,0.5,0.26667666401566187
1,0.1934495724000851,0.20105559393161868,F8_timestamp_weighted_stress,3,0.17488644544672213,0.21838352208263834,R1_condition_balanced_hgb,R1_condition_balanced_hgb__w0p5,primary,,voltage_window_holdout_fold,capacity_Ah_k1,0.5,0.4478759620258007
1,0.09106015023824486,0.06993831450242313,F8_timestamp_weighted_stress,1,0.07085380143914183,0.10707135155735617,R1_condition_balanced_hgb,R1_condition_balanced_hgb__w0p5,primary,,c_rate_holdout_fold,delta_capacity_Ah,0.5,0.19080667183110242
1,0.04280563893900496,0.03593921529783845,F8_timestamp_weighted_stress,5,0.025883605885001926,0.06164400805761313,R1_condition_balanced_hgb,R1_condition_balanced_hgb__w0p5,primary,,condition_fold,delta_capacity_Ah,0.5,0.18209894752146172
1,0.106362166700976,0.08931270737224936,F8_timestamp_weighted_stress,1,0.08760227451486291,0.13215407614742222,R1_condition_balanced_hgb,R1_condition_balanced_hgb__w0p5,primary,,profile_holdout_fold,delta_capacity_Ah,0.5,0.225059103549766
1,0.04649985191397493,0.04234645139361656,F8_timestamp_weighted_stress,2,0.028331190510441195,0.07401794017999468,R1_condition_balanced_hgb,R1_condition_balanced_hgb__w0p5,primary,,temperature_holdout_fold,delta_capacity_Ah,0.5,0.1627008005577716
1,0.143350507964919,0.14167013317059002,F8_timestamp_weighted_stress,3,0.13602693589048756,0.1593852632358618,R1_condition_balanced_hgb,R1_condition_balanced_hgb__w0p5,primary,,voltage_window_holdout_fold,delta_capacity_Ah,0.5,0.2605346153349842
1,0.1337057854664502,0.11868781953702967,F4_state_log_age_scalar,1,0.09647969397840608,0.16200947134067414,R1_condition_balanced_hgb,R1_condition_balanced_hgb__w0p75,primary,,c_rate_holdout_fold,capacity_Ah_k1,0.75,0.29202855015919266
1,0.054603519552136784,0.04616368106833564,F4_state_log_age_scalar,5,0.03376419079132539,0.07424491794607138,R1_condition_balanced_hgb,R1_condition_balanced_hgb__w0p75,primary,,condition_fold,capacity_Ah_k1,0.75,0.21819485217702472
1,0.096467695183109,0.08819053179085301,F4_state_log_age_scalar,1,0.08465948362791872,0.12574748097416488,R1_condition_balanced_hgb,R1_condition_balanced_hgb__w0p75,primary,,profile_holdout_fold,capacity_Ah_k1,0.75,0.19033225900386913
1,0.07022344095795695,0.061189590199219185,F4_state_log_age_scalar,2,0.04079367324030546,0.09375898177345596,R1_condition_balanced_hgb,R1_condition_balanced_hgb__w0p75,primary,,temperature_holdout_fold,capacity_Ah_k1,0.75,0.2849332401428008
1,0.09107880451483939,0.08376848407680974,F4_state_log_age_scalar,3,0.06966809277874747,0.10273442005651817,R1_condition_balanced_hgb,R1_condition_balanced_hgb__w0p75,primary,,voltage_window_holdout_fold,capacity_Ah_k1,0.75,0.402294858152822
1,0.08431802775505437,0.08020067123986127,F4_state_log_age_scalar,1,0.07211955796862068,0.11423693099267744,R1_condition_balanced_hgb,R1_condition_balanced_hgb__w0p75,primary,,c_rate_holdout_fold,delta_capacity_Ah,0.75,0.1933593323967979
1,0.0452037080785074,0.03960346171759618,F4_state_log_age_scalar,5,0.027221275201062108,0.06365978762180616,R1_condition_balanced_hgb,R1_condition_balanced_hgb__w0p75,primary,,condition_fold,delta_capacity_Ah,0.75,0.17059273380643641
1,0.12910113055345526,0.12561014780474006,F4_state_log_age_scalar,1,0.11438183775504504,0.17043290871159883,R1_condition_balanced_hgb,R1_condition_balanced_hgb__w0p75,primary,,profile_holdout_fold,delta_capacity_Ah,0.75,0.21129282158206655
1,0.05038756956794754,0.05087640895592352,F4_state_log_age_scalar,2,0.030778851138539703,0.07763863546076011,R1_condition_balanced_hgb,R1_condition_balanced_hgb__w0p75,primary,,temperature_holdout_fold,delta_capacity_Ah,0.75,0.16754140588356212
1,0.08226851372987079,0.08631105704384286,F4_state_log_age_scalar,3,0.07400503824228465,0.09586892910120355,R1_condition_balanced_hgb,R1_condition_balanced_hgb__w0p75,primary,,voltage_window_holdout_fold,delta_capacity_Ah,0.75,0.22272655013815723
1,0.127867652681194,0.10591082549889722,F8_timestamp_weighted_stress,1,0.0936552644570067,0.15002444659308634,R1_condition_balanced_hgb,R1_condition_balanced_hgb__w0p75,primary,,c_rate_holdout_fold,capacity_Ah_k1,0.75,0.26716190345722907
1,0.053089558806238904,0.043930773941573444,F8_timestamp_weighted_stress,5,0.032645789990109135,0.0706899551410223,R1_condition_balanced_hgb,R1_condition_balanced_hgb__w0p75,primary,,condition_fold,capacity_Ah_k1,0.75,0.2402890430617429
1,0.10555206365052518,0.09512670209019664,F8_timestamp_weighted_stress,1,0.08900063089499108,0.1328428373595114,R1_condition_balanced_hgb,R1_condition_balanced_hgb__w0p75,primary,,profile_holdout_fold,capacity_Ah_k1,0.75,0.23486883516203394
1,0.07046525606588633,0.05900918391654963,F8_timestamp_weighted_stress,2,0.04169060290165537,0.09286634014336158,R1_condition_balanced_hgb,R1_condition_balanced_hgb__w0p75,primary,,temperature_holdout_fold,capacity_Ah_k1,0.75,0.24789987701336946
1,0.1778700117895123,0.18427259529110698,F8_timestamp_weighted_stress,3,0.157692758323542,0.19846381379741207,R1_condition_balanced_hgb,R1_condition_balanced_hgb__w0p75,primary,,voltage_window_holdout_fold,capacity_Ah_k1,0.75,0.40001527644139856
1,0.09633032620035265,0.07800938401166946,F8_timestamp_weighted_stress,1,0.07258118008298803,0.11236811947090755,R1_condition_balanced_hgb,R1_condition_balanced_hgb__w0p75,primary,,c_rate_holdout_fold,delta_capacity_Ah,0.75,0.21158838716969872
1,0.04173730079571132,0.03712769091324762,F8_timestamp_weighted_stress,5,0.02607130153084285,0.06154955062176463,R1_condition_balanced_hgb,R1_condition_balanced_hgb__w0p75,primary,,condition_fold,delta_capacity_Ah,0.75,0.17793278559233042
1,0.11252521856229188,0.09757165812324889,F8_timestamp_weighted_stress,1,0.09542304234611695,0.13592805240296382,R1_condition_balanced_hgb,R1_condition_balanced_hgb__w0p75,primary,,profile_holdout_fold,delta_capacity_Ah,0.75,0.22879652437836015
1,0.044014551771157436,0.04000301701231639,F8_timestamp_weighted_stress,2,0.027533242341105477,0.07197459007376988,R1_condition_balanced_hgb,R1_condition_balanced_hgb__w0p75,primary,,temperature_holdout_fold,delta_capacity_Ah,0.75,0.1721364611136883
1,0.12039779068073177,0.11527456625589004,F8_timestamp_weighted_stress,3,0.10896960442933439,0.1312125735212199,R1_condition_balanced_hgb,R1_condition_balanced_hgb__w0p75,primary,,voltage_window_holdout_fold,delta_capacity_Ah,0.75,0.23311083693107507
1,0.13349467183504657,0.10220706600327943,F4_state_log_age_scalar,1,0.09571426474917152,0.16559480334833673,R1_condition_balanced_hgb,R1_condition_balanced_hgb__w1,primary,,c_rate_holdout_fold,capacity_Ah_k1,1.0,0.3124509555685832
1,0.053775527916366396,0.04636988177910107,F4_state_log_age_scalar,5,0.034065772558317046,0.07239246718492585,R1_condition_balanced_hgb,R1_condition_balanced_hgb__w1,primary,,condition_fold,capacity_Ah_k1,1.0,0.21129752535671076
1,0.09848687258211773,0.08899093246558137,F4_state_log_age_scalar,1,0.08450491774492985,0.12841486110304665,R1_condition_balanced_hgb,R1_condition_balanced_hgb__w1,primary,,profile_holdout_fold,capacity_Ah_k1,1.0,0.20945239339614713
1,0.07206601750353975,0.06466726433784573,F4_state_log_age_scalar,2,0.04217885193001518,0.09662477315945846,R1_condition_balanced_hgb,R1_condition_balanced_hgb__w1,primary,,temperature_holdout_fold,capacity_Ah_k1,1.0,0.29843359178526757
1,0.09392532066879004,0.0862135246016766,F4_state_log_age_scalar,3,0.07196546360112997,0.10505952030689114,R1_condition_balanced_hgb,R1_condition_balanced_hgb__w1,primary,,voltage_window_holdout_fold,capacity_Ah_k1,1.0,0.4038266636052561
1,0.08131374596770373,0.0725588517077812,F4_state_log_age_scalar,1,0.07014565982995266,0.11182878239104899,R1_condition_balanced_hgb,R1_condition_balanced_hgb__w1,primary,,c_rate_holdout_fold,delta_capacity_Ah,1.0,0.1793405801938357
1,0.04487577072590192,0.04154172750092838,F4_state_log_age_scalar,5,0.027757222960356424,0.06312081297036613,R1_condition_balanced_hgb,R1_condition_balanced_hgb__w1,primary,,condition_fold,delta_capacity_Ah,1.0,0.17443608727272553
1,0.11879545259140005,0.11879419153211897,F4_state_log_age_scalar,1,0.10620096611539766,0.15267149860869292,R1_condition_balanced_hgb,R1_condition_balanced_hgb__w1,primary,,profile_holdout_fold,delta_capacity_Ah,1.0,0.20389026648551806
1,0.05008804918842698,0.05191565632907037,F4_state_log_age_scalar,2,0.03072632846788939,0.07668649629651378,R1_condition_balanced_hgb,R1_condition_balanced_hgb__w1,primary,,temperature_holdout_fold,delta_capacity_Ah,1.0,0.17170638542137825
1,0.08418672029399499,0.08954736514429353,F4_state_log_age_scalar,3,0.07669331477161577,0.09743743511454446,R1_condition_balanced_hgb,R1_condition_balanced_hgb__w1,primary,,voltage_window_holdout_fold,delta_capacity_Ah,1.0,0.22065278216393622
1,0.12590209368123403,0.09670133479098486,F8_timestamp_weighted_stress,1,0.09031111648247651,0.1487372593102464,R1_condition_balanced_hgb,R1_condition_balanced_hgb__w1,primary,,c_rate_holdout_fold,capacity_Ah_k1,1.0,0.28404990537455477
1,0.051099676254888274,0.043827056535326855,F8_timestamp_weighted_stress,5,0.03298839586924903,0.07029657384292927,R1_condition_balanced_hgb,R1_condition_balanced_hgb__w1,primary,,condition_fold,capacity_Ah_k1,1.0,0.19737090048622474
1,0.10377032071637655,0.09026692970130296,F8_timestamp_weighted_stress,1,0.08542614373001607,0.12951770721427275,R1_condition_balanced_hgb,R1_condition_balanced_hgb__w1,primary,,profile_holdout_fold,capacity_Ah_k1,1.0,0.23534316458831644
1,0.07086493918114833,0.054768781654637125,F8_timestamp_weighted_stress,2,0.04208235391004668,0.09499844891094882,R1_condition_balanced_hgb,R1_condition_balanced_hgb__w1,primary,,temperature_holdout_fold,capacity_Ah_k1,1.0,0.2995589919697385
1,0.18142494093331152,0.1793146379792007,F8_timestamp_weighted_stress,3,0.163978558034427,0.20206148587180697,R1_condition_balanced_hgb,R1_condition_balanced_hgb__w1,primary,,voltage_window_holdout_fold,capacity_Ah_k1,1.0,0.41678778619912427
1,0.08760197650010611,0.06267210488657395,F8_timestamp_weighted_stress,1,0.06735121503078863,0.10601460632633065,R1_condition_balanced_hgb,R1_condition_balanced_hgb__w1,primary,,c_rate_holdout_fold,delta_capacity_Ah,1.0,0.20309954622855605
1,0.04263061982477025,0.03792269942629915,F8_timestamp_weighted_stress,5,0.026809494989918116,0.06042507775702892,R1_condition_balanced_hgb,R1_condition_balanced_hgb__w1,primary,,condition_fold,delta_capacity_Ah,1.0,0.17207117730253774
1,0.10910860016575767,0.1001858347341695,F8_timestamp_weighted_stress,1,0.09281259853365713,0.13574662852344066,R1_condition_balanced_hgb,R1_condition_balanced_hgb__w1,primary,,profile_holdout_fold,delta_capacity_Ah,1.0,0.2350166190483552
1,0.04553862230278696,0.04290739862431933,F8_timestamp_weighted_stress,2,0.02897155196618624,0.07349637495259881,R1_condition_balanced_hgb,R1_condition_balanced_hgb__w1,primary,,temperature_holdout_fold,delta_capacity_Ah,1.0,0.18480344406402904
1,0.11871890194297552,0.11151855818306745,F8_timestamp_weighted_stress,3,0.10768774593704548,0.12937608387321745,R1_condition_balanced_hgb,R1_condition_balanced_hgb__w1,primary,,voltage_window_holdout_fold,delta_capacity_Ah,1.0,0.24226764763944053
1,0.12070917425869365,0.10341889132206106,F4_state_log_age_scalar,1,0.08914659483789891,0.1487976286431934,R2_stressor_balanced_hgb,R2_stressor_balanced_hgb__w0p25,primary,,c_rate_holdout_fold,capacity_Ah_k1,0.25,0.24865746571349467
1,0.053645864746271754,0.0467430671086157,F4_state_log_age_scalar,5,0.032095809486283336,0.0733634114073722,R2_stressor_balanced_hgb,R2_stressor_balanced_hgb__w0p25,primary,,condition_fold,capacity_Ah_k1,0.25,0.24011874840777092
1,0.08436802390070613,0.07367608976551171,F4_state_log_age_scalar,1,0.07006006630902376,0.10819020685237836,R2_stressor_balanced_hgb,R2_stressor_balanced_hgb__w0p25,primary,,profile_holdout_fold,capacity_Ah_k1,0.25,0.17718560597321364
1,0.06777889925940736,0.06182682130522464,F4_state_log_age_scalar,2,0.03780063507306001,0.09219571845837185,R2_stressor_balanced_hgb,R2_stressor_balanced_hgb__w0p25,primary,,temperature_holdout_fold,capacity_Ah_k1,0.25,0.2771743791093361
1,0.08731374724232432,0.08213026402510733,F4_state_log_age_scalar,3,0.06405063083508698,0.10065946810471116,R2_stressor_balanced_hgb,R2_stressor_balanced_hgb__w0p25,primary,,voltage_window_holdout_fold,capacity_Ah_k1,0.25,0.3414387160305245
1,0.0904967149458784,0.07986589063644332,F4_state_log_age_scalar,1,0.07390537482697805,0.11496220622901339,R2_stressor_balanced_hgb,R2_stressor_balanced_hgb__w0p25,primary,,c_rate_holdout_fold,delta_capacity_Ah,0.25,0.1734797634360663
1,0.04491271798044123,0.03739879207686696,F4_state_log_age_scalar,5,0.026724863970971863,0.06417111884519887,R2_stressor_balanced_hgb,R2_stressor_balanced_hgb__w0p25,primary,,condition_fold,delta_capacity_Ah,0.25,0.1705255048212365
1,0.10915767923739267,0.10635580708256355,F4_state_log_age_scalar,1,0.10086052487805526,0.13749674052456434,R2_stressor_balanced_hgb,R2_stressor_balanced_hgb__w0p25,primary,,profile_holdout_fold,delta_capacity_Ah,0.25,0.17749020768298213
1,0.04892525413515667,0.04778474847452459,F4_state_log_age_scalar,2,0.028374548592676192,0.07807912342706025,R2_stressor_balanced_hgb,R2_stressor_balanced_hgb__w0p25,primary,,temperature_holdout_fold,delta_capacity_Ah,0.25,0.17275963570038927
1,0.07586558437007165,0.06984518531105034,F4_state_log_age_scalar,3,0.06456584846160132,0.08558720456607281,R2_stressor_balanced_hgb,R2_stressor_balanced_hgb__w0p25,primary,,voltage_window_holdout_fold,delta_capacity_Ah,0.25,0.2391720202736991
1,0.1304566767334516,0.10457129775325255,F8_timestamp_weighted_stress,1,0.09085705414650938,0.1528361337142152,R2_stressor_balanced_hgb,R2_stressor_balanced_hgb__w0p25,primary,,c_rate_holdout_fold,capacity_Ah_k1,0.25,0.26114113186819454
1,0.05378055244645592,0.04364574337452449,F8_timestamp_weighted_stress,5,0.03184113445845629,0.07265605165138009,R2_stressor_balanced_hgb,R2_stressor_balanced_hgb__w0p25,primary,,condition_fold,capacity_Ah_k1,0.25,0.2652145128467274
1,0.09760217173253728,0.07748000396147817,F8_timestamp_weighted_stress,1,0.07742961104185911,0.12253089131807185,R2_stressor_balanced_hgb,R2_stressor_balanced_hgb__w0p25,primary,,profile_holdout_fold,capacity_Ah_k1,0.25,0.2409738886903882
1,0.06492552777549132,0.0554519738884115,F8_timestamp_weighted_stress,2,0.036657959174665085,0.09005902032543184,R2_stressor_balanced_hgb,R2_stressor_balanced_hgb__w0p25,primary,,temperature_holdout_fold,capacity_Ah_k1,0.25,0.2825922650253646
1,0.17390189688789973,0.17616467821359838,F8_timestamp_weighted_stress,3,0.1516584311156647,0.1882252193258519,R2_stressor_balanced_hgb,R2_stressor_balanced_hgb__w0p25,primary,,voltage_window_holdout_fold,capacity_Ah_k1,0.25,0.40526930561771235
1,0.08108915098979329,0.07366096191098342,F8_timestamp_weighted_stress,1,0.06359701416061851,0.10549282208657716,R2_stressor_balanced_hgb,R2_stressor_balanced_hgb__w0p25,primary,,c_rate_holdout_fold,delta_capacity_Ah,0.25,0.15233744965203702
1,0.0427692734469871,0.03670054577447627,F8_timestamp_weighted_stress,5,0.026168001427744975,0.06147826228885063,R2_stressor_balanced_hgb,R2_stressor_balanced_hgb__w0p25,primary,,condition_fold,delta_capacity_Ah,0.25,0.18931897473327486
1,0.08269291452361342,0.07944786889520948,F8_timestamp_weighted_stress,1,0.06870435608861869,0.10384915778014162,R2_stressor_balanced_hgb,R2_stressor_balanced_hgb__w0p25,primary,,profile_holdout_fold,delta_capacity_Ah,0.25,0.16448024851403886
1,0.04757324590951511,0.04098983723213914,F8_timestamp_weighted_stress,2,0.029218535552610114,0.07496100044648912,R2_stressor_balanced_hgb,R2_stressor_balanced_hgb__w0p25,primary,,temperature_holdout_fold,delta_capacity_Ah,0.25,0.1513553297564151
1,0.13010480367992336,0.13073710281530637,F8_timestamp_weighted_stress,3,0.11812032692620911,0.14107951714569464,R2_stressor_balanced_hgb,R2_stressor_balanced_hgb__w0p25,primary,,voltage_window_holdout_fold,delta_capacity_Ah,0.25,0.21051340315929623
1,0.12132550386807861,0.09125549791511,F4_state_log_age_scalar,1,0.08580598420737469,0.1453860960166289,R2_stressor_balanced_hgb,R2_stressor_balanced_hgb__w0p5,primary,,c_rate_holdout_fold,capacity_Ah_k1,0.5,0.27937134555822885
1,0.05531771599451994,0.04533533458934771,F4_state_log_age_scalar,5,0.03314543556333259,0.07434384918792322,R2_stressor_balanced_hgb,R2_stressor_balanced_hgb__w0p5,primary,,condition_fold,capacity_Ah_k1,0.5,0.26338948439631804
1,0.08436802390070613,0.07367608976551171,F4_state_log_age_scalar,1,0.07006006630902376,0.10819020685237836,R2_stressor_balanced_hgb,R2_stressor_balanced_hgb__w0p5,primary,,profile_holdout_fold,capacity_Ah_k1,0.5,0.17718560597321364
1,0.06910906620402922,0.05994283130856236,F4_state_log_age_scalar,2,0.0376539467106171,0.09187913830515695,R2_stressor_balanced_hgb,R2_stressor_balanced_hgb__w0p5,primary,,temperature_holdout_fold,capacity_Ah_k1,0.5,0.2952105266742863
1,0.08581564342438515,0.07859157783302169,F4_state_log_age_scalar,3,0.06335669129811454,0.09904829538198577,R2_stressor_balanced_hgb,R2_stressor_balanced_hgb__w0p5,primary,,voltage_window_holdout_fold,capacity_Ah_k1,0.5,0.3670263329055832
1,0.08804712689258576,0.0744258801063971,F4_state_log_age_scalar,1,0.07272333011486812,0.11374317520448066,R2_stressor_balanced_hgb,R2_stressor_balanced_hgb__w0p5,primary,,c_rate_holdout_fold,delta_capacity_Ah,0.5,0.18504867395426713
1,0.044831660084607004,0.037550712051574314,F4_state_log_age_scalar,5,0.027202295188666275,0.06415415465525869,R2_stressor_balanced_hgb,R2_stressor_balanced_hgb__w0p5,primary,,condition_fold,delta_capacity_Ah,0.5,0.1741148471790795
1,0.10915767923739267,0.10635580708256355,F4_state_log_age_scalar,1,0.10086052487805526,0.13749674052456434,R2_stressor_balanced_hgb,R2_stressor_balanced_hgb__w0p5,primary,,profile_holdout_fold,delta_capacity_Ah,0.5,0.17749020768298213
1,0.04993547622048898,0.04712159999224809,F4_state_log_age_scalar,2,0.02895185060657656,0.07895717998699729,R2_stressor_balanced_hgb,R2_stressor_balanced_hgb__w0p5,primary,,temperature_holdout_fold,delta_capacity_Ah,0.5,0.16795039472219525
1,0.07495066399754914,0.06787745379800217,F4_state_log_age_scalar,3,0.06306215429590512,0.0835397406956007,R2_stressor_balanced_hgb,R2_stressor_balanced_hgb__w0p5,primary,,voltage_window_holdout_fold,delta_capacity_Ah,0.5,0.23152040425144113
1,0.12009182873939922,0.10537149016920624,F8_timestamp_weighted_stress,1,0.08446020981938425,0.1386138225337362,R2_stressor_balanced_hgb,R2_stressor_balanced_hgb__w0p5,primary,,c_rate_holdout_fold,capacity_Ah_k1,0.5,0.24775547520823296
1,0.053783275038985945,0.04418311343435856,F8_timestamp_weighted_stress,5,0.032439262516595416,0.0721857814824054,R2_stressor_balanced_hgb,R2_stressor_balanced_hgb__w0p5,primary,,condition_fold,capacity_Ah_k1,0.5,0.29115702230288903
1,0.09760217173253728,0.07748000396147817,F8_timestamp_weighted_stress,1,0.07742961104185911,0.12253089131807185,R2_stressor_balanced_hgb,R2_stressor_balanced_hgb__w0p5,primary,,profile_holdout_fold,capacity_Ah_k1,0.5,0.2409738886903882
1,0.06535640788806704,0.054665352840018354,F8_timestamp_weighted_stress,2,0.03741550420280738,0.0900831691096772,R2_stressor_balanced_hgb,R2_stressor_balanced_hgb__w0p5,primary,,temperature_holdout_fold,capacity_Ah_k1,0.5,0.2684537897198477
1,0.1685862996405596,0.16957404400217135,F8_timestamp_weighted_stress,3,0.14819182567349679,0.1831503695394732,R2_stressor_balanced_hgb,R2_stressor_balanced_hgb__w0p5,primary,,voltage_window_holdout_fold,capacity_Ah_k1,0.5,0.3781115109830407
1,0.0796826883099834,0.07866027928308675,F8_timestamp_weighted_stress,1,0.06605442476198418,0.10575726726161694,R2_stressor_balanced_hgb,R2_stressor_balanced_hgb__w0p5,primary,,c_rate_holdout_fold,delta_capacity_Ah,0.5,0.15974107890166236
1,0.042776247388935776,0.03810157906111701,F8_timestamp_weighted_stress,5,0.02651377442179214,0.06216832195460481,R2_stressor_balanced_hgb,R2_stressor_balanced_hgb__w0p5,primary,,condition_fold,delta_capacity_Ah,0.5,0.1807962663627837
1,0.08269291452361342,0.07944786889520948,F8_timestamp_weighted_stress,1,0.06870435608861869,0.10384915778014162,R2_stressor_balanced_hgb,R2_stressor_balanced_hgb__w0p5,primary,,profile_holdout_fold,delta_capacity_Ah,0.5,0.16448024851403886
1,0.048113769953637836,0.03996214510492015,F8_timestamp_weighted_stress,2,0.028959531664010694,0.07409363582106315,R2_stressor_balanced_hgb,R2_stressor_balanced_hgb__w0p5,primary,,temperature_holdout_fold,delta_capacity_Ah,0.5,0.13546667033621063
1,0.13260729391154452,0.13120031082945235,F8_timestamp_weighted_stress,3,0.1221209537523501,0.14375338245689193,R2_stressor_balanced_hgb,R2_stressor_balanced_hgb__w0p5,primary,,voltage_window_holdout_fold,delta_capacity_Ah,0.5,0.2137931502150865
1,0.12192964871439928,0.09216573343819978,F4_state_log_age_scalar,1,0.08912289767630634,0.14551148614377066,R2_stressor_balanced_hgb,R2_stressor_balanced_hgb__w0p75,primary,,c_rate_holdout_fold,capacity_Ah_k1,0.75,0.2525180367075959
1,0.05509665943569988,0.0452664633958313,F4_state_log_age_scalar,5,0.03361007542707713,0.07412606257018642,R2_stressor_balanced_hgb,R2_stressor_balanced_hgb__w0p75,primary,,condition_fold,capacity_Ah_k1,0.75,0.24781638025059047
1,0.08436802390070613,0.07367608976551171,F4_state_log_age_scalar,1,0.07006006630902376,0.10819020685237836,R2_stressor_balanced_hgb,R2_stressor_balanced_hgb__w0p75,primary,,profile_holdout_fold,capacity_Ah_k1,0.75,0.17718560597321364
1,0.0697819582362661,0.059840275800957105,F4_state_log_age_scalar,2,0.039955803103775674,0.09321303479433403,R2_stressor_balanced_hgb,R2_stressor_balanced_hgb__w0p75,primary,,temperature_holdout_fold,capacity_Ah_k1,0.75,0.2867970074852438
1,0.08304094773727057,0.0752932807659906,F4_state_log_age_scalar,3,0.05962530103566536,0.09711390084649772,R2_stressor_balanced_hgb,R2_stressor_balanced_hgb__w0p75,primary,,voltage_window_holdout_fold,capacity_Ah_k1,0.75,0.3717842319595624
1,0.08464742063245466,0.07700388296504822,F4_state_log_age_scalar,1,0.07149284444855503,0.11188066273309857,R2_stressor_balanced_hgb,R2_stressor_balanced_hgb__w0p75,primary,,c_rate_holdout_fold,delta_capacity_Ah,0.75,0.18015284797565387
1,0.04505476403305193,0.03904322064370301,F4_state_log_age_scalar,5,0.02714467025417628,0.0638161451049297,R2_stressor_balanced_hgb,R2_stressor_balanced_hgb__w0p75,primary,,condition_fold,delta_capacity_Ah,0.75,0.16653628766529294
1,0.10915767923739267,0.10635580708256355,F4_state_log_age_scalar,1,0.10086052487805526,0.13749674052456434,R2_stressor_balanced_hgb,R2_stressor_balanced_hgb__w0p75,primary,,profile_holdout_fold,delta_capacity_Ah,0.75,0.17749020768298213
1,0.04922648121002953,0.04461368532741804,F4_state_log_age_scalar,2,0.028640258686485266,0.07738969423992276,R2_stressor_balanced_hgb,R2_stressor_balanced_hgb__w0p75,primary,,temperature_holdout_fold,delta_capacity_Ah,0.75,0.16999145608654523
1,0.0826508397885203,0.07743091448199359,F4_state_log_age_scalar,3,0.07141001160641175,0.09167120757662216,R2_stressor_balanced_hgb,R2_stressor_balanced_hgb__w0p75,primary,,voltage_window_holdout_fold,delta_capacity_Ah,0.75,0.23989719536006246
1,0.11587138842128364,0.10132913809819992,F8_timestamp_weighted_stress,1,0.08129342601335593,0.13120068662482257,R2_stressor_balanced_hgb,R2_stressor_balanced_hgb__w0p75,primary,,c_rate_holdout_fold,capacity_Ah_k1,0.75,0.2382882479597179
1,0.05130496624847129,0.04298821002025598,F8_timestamp_weighted_stress,5,0.031733488296085306,0.06928508731034912,R2_stressor_balanced_hgb,R2_stressor_balanced_hgb__w0p75,primary,,condition_fold,capacity_Ah_k1,0.75,0.21544727392571175
1,0.09760217173253728,0.07748000396147817,F8_timestamp_weighted_stress,1,0.07742961104185911,0.12253089131807185,R2_stressor_balanced_hgb,R2_stressor_balanced_hgb__w0p75,primary,,profile_holdout_fold,capacity_Ah_k1,0.75,0.2409738886903882
1,0.06697946018347777,0.05558566537439786,F8_timestamp_weighted_stress,2,0.03799158615022076,0.09102647716950434,R2_stressor_balanced_hgb,R2_stressor_balanced_hgb__w0p75,primary,,temperature_holdout_fold,capacity_Ah_k1,0.75,0.28647856446860914
1,0.16893478297495537,0.17477120457221004,F8_timestamp_weighted_stress,3,0.14621947308170413,0.1855598771630058,R2_stressor_balanced_hgb,R2_stressor_balanced_hgb__w0p75,primary,,voltage_window_holdout_fold,capacity_Ah_k1,0.75,0.4047668167668479
1,0.0699150568282395,0.06474157990508163,F8_timestamp_weighted_stress,1,0.0574568775838667,0.09000174816332808,R2_stressor_balanced_hgb,R2_stressor_balanced_hgb__w0p75,primary,,c_rate_holdout_fold,delta_capacity_Ah,0.75,0.15000380566697316
1,0.04257985911577444,0.03856767507798046,F8_timestamp_weighted_stress,5,0.02683425239612035,0.06239808221821179,R2_stressor_balanced_hgb,R2_stressor_balanced_hgb__w0p75,primary,,condition_fold,delta_capacity_Ah,0.75,0.18511828170090813
1,0.08269291452361342,0.07944786889520948,F8_timestamp_weighted_stress,1,0.06870435608861869,0.10384915778014162,R2_stressor_balanced_hgb,R2_stressor_balanced_hgb__w0p75,primary,,profile_holdout_fold,delta_capacity_Ah,0.75,0.16448024851403886
1,0.04717389282959135,0.040839043529416315,F8_timestamp_weighted_stress,2,0.028400780861476606,0.07300647672544107,R2_stressor_balanced_hgb,R2_stressor_balanced_hgb__w0p75,primary,,temperature_holdout_fold,delta_capacity_Ah,0.75,0.14441675649586233
1,0.14050764862010737,0.13803365469976814,F8_timestamp_weighted_stress,3,0.13213733750903542,0.1513215767375756,R2_stressor_balanced_hgb,R2_stressor_balanced_hgb__w0p75,primary,,voltage_window_holdout_fold,delta_capacity_Ah,0.75,0.22329852238728706
1,0.13170841491214483,0.10031906430483781,F4_state_log_age_scalar,1,0.09528659818192556,0.15608537546648282,R2_stressor_balanced_hgb,R2_stressor_balanced_hgb__w1,primary,,c_rate_holdout_fold,capacity_Ah_k1,1.0,0.2852977322098574
1,0.05543803146925068,0.0442634555357169,F4_state_log_age_scalar,5,0.03377766551309429,0.07294501379548698,R2_stressor_balanced_hgb,R2_stressor_balanced_hgb__w1,primary,,condition_fold,capacity_Ah_k1,1.0,0.24766073607853642
1,0.08436802390070613,0.07367608976551171,F4_state_log_age_scalar,1,0.07006006630902376,0.10819020685237836,R2_stressor_balanced_hgb,R2_stressor_balanced_hgb__w1,primary,,profile_holdout_fold,capacity_Ah_k1,1.0,0.17718560597321364
1,0.06930964898370423,0.06154633527421457,F4_state_log_age_scalar,2,0.03929816784380861,0.09280196657196507,R2_stressor_balanced_hgb,R2_stressor_balanced_hgb__w1,primary,,temperature_holdout_fold,capacity_Ah_k1,1.0,0.26888878422542645
1,0.08148810378598383,0.07708253334077013,F4_state_log_age_scalar,3,0.05826954764622863,0.09582799179305973,R2_stressor_balanced_hgb,R2_stressor_balanced_hgb__w1,primary,,voltage_window_holdout_fold,capacity_Ah_k1,1.0,0.3793003083493384
1,0.08249450764022971,0.07713570282695859,F4_state_log_age_scalar,1,0.06935974619403451,0.11055009802396822,R2_stressor_balanced_hgb,R2_stressor_balanced_hgb__w1,primary,,c_rate_holdout_fold,delta_capacity_Ah,1.0,0.15356361894857298
1,0.04568938119233373,0.04119902110026721,F4_state_log_age_scalar,5,0.02768297345062464,0.06395961137122469,R2_stressor_balanced_hgb,R2_stressor_balanced_hgb__w1,primary,,condition_fold,delta_capacity_Ah,1.0,0.16678838011212363
1,0.10915767923739267,0.10635580708256355,F4_state_log_age_scalar,1,0.10086052487805526,0.13749674052456434,R2_stressor_balanced_hgb,R2_stressor_balanced_hgb__w1,primary,,profile_holdout_fold,delta_capacity_Ah,1.0,0.17749020768298213
1,0.048506952481169215,0.04425633374953839,F4_state_log_age_scalar,2,0.02795195846785233,0.07735164076722276,R2_stressor_balanced_hgb,R2_stressor_balanced_hgb__w1,primary,,temperature_holdout_fold,delta_capacity_Ah,1.0,0.16527781478463746
1,0.07614860986873308,0.0712993427059985,F4_state_log_age_scalar,3,0.06414835677516227,0.08478306172949857,R2_stressor_balanced_hgb,R2_stressor_balanced_hgb__w1,primary,,voltage_window_holdout_fold,delta_capacity_Ah,1.0,0.23331751985951743
1,0.11815832811121335,0.09095530360422958,F8_timestamp_weighted_stress,1,0.0840256928785168,0.13153966699633102,R2_stressor_balanced_hgb,R2_stressor_balanced_hgb__w1,primary,,c_rate_holdout_fold,capacity_Ah_k1,1.0,0.25686791390316915
1,0.05053211468646226,0.04533730016375428,F8_timestamp_weighted_stress,5,0.03210392433940162,0.0685428852412625,R2_stressor_balanced_hgb,R2_stressor_balanced_hgb__w1,primary,,condition_fold,capacity_Ah_k1,1.0,0.21518523368048995
1,0.09760217173253728,0.07748000396147817,F8_timestamp_weighted_stress,1,0.07742961104185911,0.12253089131807185,R2_stressor_balanced_hgb,R2_stressor_balanced_hgb__w1,primary,,profile_holdout_fold,capacity_Ah_k1,1.0,0.2409738886903882
1,0.06613421706077674,0.05287299154718028,F8_timestamp_weighted_stress,2,0.037622491507502964,0.09114272320535685,R2_stressor_balanced_hgb,R2_stressor_balanced_hgb__w1,primary,,temperature_holdout_fold,capacity_Ah_k1,1.0,0.2752572995346501
1,0.1644324825326869,0.16335343123770318,F8_timestamp_weighted_stress,3,0.142935282887707,0.1792474016864031,R2_stressor_balanced_hgb,R2_stressor_balanced_hgb__w1,primary,,voltage_window_holdout_fold,capacity_Ah_k1,1.0,0.38915980497902075
1,0.07054288180460386,0.06901220292286997,F8_timestamp_weighted_stress,1,0.05639561118513084,0.0886562272540258,R2_stressor_balanced_hgb,R2_stressor_balanced_hgb__w1,primary,,c_rate_holdout_fold,delta_capacity_Ah,1.0,0.1338449384645961
1,0.0429215980334721,0.03692883673327475,F8_timestamp_weighted_stress,5,0.02676134523799431,0.05972084596149492,R2_stressor_balanced_hgb,R2_stressor_balanced_hgb__w1,primary,,condition_fold,delta_capacity_Ah,1.0,0.1811417772515235
1,0.08269291452361342,0.07944786889520948,F8_timestamp_weighted_stress,1,0.06870435608861869,0.10384915778014162,R2_stressor_balanced_hgb,R2_stressor_balanced_hgb__w1,primary,,profile_holdout_fold,delta_capacity_Ah,1.0,0.16448024851403886
1,0.04744798411750578,0.0410227622637631,F8_timestamp_weighted_stress,2,0.029796714871713387,0.0748519762738153,R2_stressor_balanced_hgb,R2_stressor_balanced_hgb__w1,primary,,temperature_holdout_fold,delta_capacity_Ah,1.0,0.14153505369916766
1,0.13325930246242482,0.1336514150156891,F8_timestamp_weighted_stress,3,0.12483179752693196,0.145333575607766,R2_stressor_balanced_hgb,R2_stressor_balanced_hgb__w1,primary,,voltage_window_holdout_fold,delta_capacity_Ah,1.0,0.21578829677373015
3,0.13167763627534382,0.10587385117333398,F4_state_log_age_scalar,1,0.09830574436429385,0.17837324467432272,R3_condition_bagged_hgb,R3_condition_bagged_hgb__bags3,primary,,c_rate_holdout_fold,capacity_Ah_k1,0.0,0.3612270795340082
3,0.05615865176543625,0.0426215122956433,F4_state_log_age_scalar,5,0.0335311934027308,0.07293424172327982,R3_condition_bagged_hgb,R3_condition_bagged_hgb__bags3,primary,,condition_fold,capacity_Ah_k1,0.0,0.3286409321402534
3,0.11476849444583874,0.10867309828823388,F4_state_log_age_scalar,1,0.10398558344285275,0.14066273431371693,R3_condition_bagged_hgb,R3_condition_bagged_hgb__bags3,primary,,profile_holdout_fold,capacity_Ah_k1,0.0,0.19572735844654182
3,0.07888559811044712,0.06692084056776694,F4_state_log_age_scalar,2,0.046169175907926026,0.09965762122953412,R3_condition_bagged_hgb,R3_condition_bagged_hgb__bags3,primary,,temperature_holdout_fold,capacity_Ah_k1,0.0,0.3514329634357676
3,0.09476027891229255,0.0846216437134812,F4_state_log_age_scalar,3,0.0772462180375847,0.10954206569234358,R3_condition_bagged_hgb,R3_condition_bagged_hgb__bags3,primary,,voltage_window_holdout_fold,capacity_Ah_k1,0.0,0.39217400048322504
3,0.10208726505605907,0.07171222038592558,F4_state_log_age_scalar,1,0.08003481491344008,0.1333171028048401,R3_condition_bagged_hgb,R3_condition_bagged_hgb__bags3,primary,,c_rate_holdout_fold,delta_capacity_Ah,0.0,0.22361996722691158
3,0.05013803415541788,0.04237328190025929,F4_state_log_age_scalar,5,0.03158992014354087,0.06989169018214321,R3_condition_bagged_hgb,R3_condition_bagged_hgb__bags3,primary,,condition_fold,delta_capacity_Ah,0.0,0.19090282900023908
3,0.11170927424207322,0.11377002687731852,F4_state_log_age_scalar,1,0.10618888224161098,0.13850050119367258,R3_condition_bagged_hgb,R3_condition_bagged_hgb__bags3,primary,,profile_holdout_fold,delta_capacity_Ah,0.0,0.18893683077127787
3,0.05608312548440758,0.050521991091798495,F4_state_log_age_scalar,2,0.036632907595839606,0.08274095704878222,R3_condition_bagged_hgb,R3_condition_bagged_hgb__bags3,primary,,temperature_holdout_fold,delta_capacity_Ah,0.0,0.18116152032707306
3,0.08500177675959493,0.07903475353878422,F4_state_log_age_scalar,3,0.06953522757344487,0.09219443364908342,R3_condition_bagged_hgb,R3_condition_bagged_hgb__bags3,primary,,voltage_window_holdout_fold,delta_capacity_Ah,0.0,0.24132827824878955
3,0.15278838640272005,0.11630799831744539,F8_timestamp_weighted_stress,1,0.10011179912634621,0.1772795191922183,R3_condition_bagged_hgb,R3_condition_bagged_hgb__bags3,primary,,c_rate_holdout_fold,capacity_Ah_k1,0.0,0.3615244244850168
3,0.07165181385189821,0.0477840776458892,F8_timestamp_weighted_stress,5,0.04728061891609276,0.0926403024031565,R3_condition_bagged_hgb,R3_condition_bagged_hgb__bags3,primary,,condition_fold,capacity_Ah_k1,0.0,0.3776274607005395
3,0.10682765680602406,0.08786355831665288,F8_timestamp_weighted_stress,1,0.08633928399620834,0.12701959460195628,R3_condition_bagged_hgb,R3_condition_bagged_hgb__bags3,primary,,profile_holdout_fold,capacity_Ah_k1,0.0,0.22875072034185878
3,0.08200927072395106,0.05941075052727707,F8_timestamp_weighted_stress,2,0.05267352974348623,0.10446769675785103,R3_condition_bagged_hgb,R3_condition_bagged_hgb__bags3,primary,,temperature_holdout_fold,capacity_Ah_k1,0.0,0.33306216508098
3,0.1772319919210783,0.16792397135207235,F8_timestamp_weighted_stress,3,0.16100235854484465,0.19389178379839253,R3_condition_bagged_hgb,R3_condition_bagged_hgb__bags3,primary,,voltage_window_holdout_fold,capacity_Ah_k1,0.0,0.41991649227032485
3,0.120309888960194,0.11452186853433174,F8_timestamp_weighted_stress,1,0.0875776422015714,0.14896838974788235,R3_condition_bagged_hgb,R3_condition_bagged_hgb__bags3,primary,,c_rate_holdout_fold,delta_capacity_Ah,0.0,0.2525439413716202
3,0.04597429118885826,0.03733214718199017,F8_timestamp_weighted_stress,5,0.030907451270386188,0.06337384627584706,R3_condition_bagged_hgb,R3_condition_bagged_hgb__bags3,primary,,condition_fold,delta_capacity_Ah,0.0,0.171091081608463
3,0.11045556020366115,0.1152847835485003,F8_timestamp_weighted_stress,1,0.09998055373644757,0.12494538468648902,R3_condition_bagged_hgb,R3_condition_bagged_hgb__bags3,primary,,profile_holdout_fold,delta_capacity_Ah,0.0,0.18554154290865338
3,0.04943266209513843,0.049764926347782165,F8_timestamp_weighted_stress,2,0.030184793563778695,0.07320181715386907,R3_condition_bagged_hgb,R3_condition_bagged_hgb__bags3,primary,,temperature_holdout_fold,delta_capacity_Ah,0.0,0.13852466674596214
3,0.14610442802705484,0.15576108036394168,F8_timestamp_weighted_stress,3,0.13754754000243474,0.16030160703766097,R3_condition_bagged_hgb,R3_condition_bagged_hgb__bags3,primary,,voltage_window_holdout_fold,delta_capacity_Ah,0.0,0.2875048915467678
5,0.12178145988823225,0.10074193068773914,F4_state_log_age_scalar,1,0.08968302115254781,0.16587796421468096,R3_condition_bagged_hgb,R3_condition_bagged_hgb__bags5,primary,,c_rate_holdout_fold,capacity_Ah_k1,0.0,0.3538784608648666
5,0.052580724109028296,0.041651208733922924,F4_state_log_age_scalar,5,0.03224303401670725,0.0703912590516078,R3_condition_bagged_hgb,R3_condition_bagged_hgb__bags5,primary,,condition_fold,capacity_Ah_k1,0.0,0.2980323636178197
5,0.11820060213950162,0.1103186436575144,F4_state_log_age_scalar,1,0.10688682304312261,0.14174858567077028,R3_condition_bagged_hgb,R3_condition_bagged_hgb__bags5,primary,,profile_holdout_fold,capacity_Ah_k1,0.0,0.2033637956671281
5,0.07564563669210685,0.06817077766208932,F4_state_log_age_scalar,2,0.044686856270866326,0.09669190141754097,R3_condition_bagged_hgb,R3_condition_bagged_hgb__bags5,primary,,temperature_holdout_fold,capacity_Ah_k1,0.0,0.30948642518623487
5,0.09505244300934977,0.08966116623287929,F4_state_log_age_scalar,3,0.07793917422425051,0.10748640541035526,R3_condition_bagged_hgb,R3_condition_bagged_hgb__bags5,primary,,voltage_window_holdout_fold,capacity_Ah_k1,0.0,0.3986075137885737
5,0.09676135830956188,0.07850428147688505,F4_state_log_age_scalar,1,0.077668991486575,0.12264458214521039,R3_condition_bagged_hgb,R3_condition_bagged_hgb__bags5,primary,,c_rate_holdout_fold,delta_capacity_Ah,0.0,0.199648353928615
5,0.048729844279574205,0.043741088067775415,F4_state_log_age_scalar,5,0.03041336189692065,0.06817544922663604,R3_condition_bagged_hgb,R3_condition_bagged_hgb__bags5,primary,,condition_fold,delta_capacity_Ah,0.0,0.19288980833794073
5,0.11972907081091998,0.12126512943389905,F4_state_log_age_scalar,1,0.1153925314348321,0.14559787375517955,R3_condition_bagged_hgb,R3_condition_bagged_hgb__bags5,primary,,profile_holdout_fold,delta_capacity_Ah,0.0,0.17920687590453035
5,0.05396260871413515,0.049552473707897934,F4_state_log_age_scalar,2,0.03395319835530738,0.08119976508007706,R3_condition_bagged_hgb,R3_condition_bagged_hgb__bags5,primary,,temperature_holdout_fold,delta_capacity_Ah,0.0,0.18032257944120672
5,0.07783698418589476,0.07448573026526484,F4_state_log_age_scalar,3,0.06420758882410445,0.08738206281861928,R3_condition_bagged_hgb,R3_condition_bagged_hgb__bags5,primary,,voltage_window_holdout_fold,delta_capacity_Ah,0.0,0.23185404811099783
5,0.14342100941740102,0.0962349999503786,F8_timestamp_weighted_stress,1,0.09415415817974797,0.16672603085379303,R3_condition_bagged_hgb,R3_condition_bagged_hgb__bags5,primary,,c_rate_holdout_fold,capacity_Ah_k1,0.0,0.3336318226305093
5,0.06383342354816798,0.04615922830083227,F8_timestamp_weighted_stress,5,0.041567394728547424,0.08281455044974594,R3_condition_bagged_hgb,R3_condition_bagged_hgb__bags5,primary,,condition_fold,capacity_Ah_k1,0.0,0.34349019130454234
5,0.11639319132486592,0.09302951776411654,F8_timestamp_weighted_stress,1,0.0948470376284178,0.1404555986779873,R3_condition_bagged_hgb,R3_condition_bagged_hgb__bags5,primary,,profile_holdout_fold,capacity_Ah_k1,0.0,0.241975728894669
5,0.07865472612378868,0.05845436098504976,F8_timestamp_weighted_stress,2,0.04682731184747422,0.09900579161912625,R3_condition_bagged_hgb,R3_condition_bagged_hgb__bags5,primary,,temperature_holdout_fold,capacity_Ah_k1,0.0,0.33121924348644305
5,0.15858069445514175,0.15295389681481905,F8_timestamp_weighted_stress,3,0.1434060337335439,0.17558481405819115,R3_condition_bagged_hgb,R3_condition_bagged_hgb__bags5,primary,,voltage_window_holdout_fold,capacity_Ah_k1,0.0,0.41513498436544755
5,0.10417287119135989,0.09885232137578306,F8_timestamp_weighted_stress,1,0.07762326253952566,0.12659418328321398,R3_condition_bagged_hgb,R3_condition_bagged_hgb__bags5,primary,,c_rate_holdout_fold,delta_capacity_Ah,0.0,0.20808874808687997
5,0.046414515624222566,0.03977043652344095,F8_timestamp_weighted_stress,5,0.030907025729514093,0.06261120235613207,R3_condition_bagged_hgb,R3_condition_bagged_hgb__bags5,primary,,condition_fold,delta_capacity_Ah,0.0,0.16254626671724234
5,0.11025640963694472,0.11124560098215794,F8_timestamp_weighted_stress,1,0.09771881042385043,0.12410546050055807,R3_condition_bagged_hgb,R3_condition_bagged_hgb__bags5,primary,,profile_holdout_fold,delta_capacity_Ah,0.0,0.18823148189007544
5,0.05282887448977332,0.04892362456721316,F8_timestamp_weighted_stress,2,0.031056035570958804,0.07529745771157229,R3_condition_bagged_hgb,R3_condition_bagged_hgb__bags5,primary,,temperature_holdout_fold,delta_capacity_Ah,0.0,0.16210422112759726
5,0.15318916356164716,0.15558342872146444,F8_timestamp_weighted_stress,3,0.14485018009244874,0.16353137242577173,R3_condition_bagged_hgb,R3_condition_bagged_hgb__bags5,primary,,voltage_window_holdout_fold,delta_capacity_Ah,0.0,0.31933231592117717
9,0.12803717946049561,0.1018482212538276,F4_state_log_age_scalar,1,0.09342747887339112,0.16235196882924388,R3_condition_bagged_hgb,R3_condition_bagged_hgb__bags9,primary,,c_rate_holdout_fold,capacity_Ah_k1,0.0,0.31858553565373104
9,0.05375391659167428,0.04279656074797008,F4_state_log_age_scalar,5,0.03230798006557248,0.0707089775413731,R3_condition_bagged_hgb,R3_condition_bagged_hgb__bags9,primary,,condition_fold,capacity_Ah_k1,0.0,0.273566832546948
9,0.12379882229998314,0.11606268426593722,F4_state_log_age_scalar,1,0.11312748848593167,0.14908745368073253,R3_condition_bagged_hgb,R3_condition_bagged_hgb__bags9,primary,,profile_holdout_fold,capacity_Ah_k1,0.0,0.19076681075415228
9,0.07550780158766987,0.06257413724867256,F4_state_log_age_scalar,2,0.04373557887194314,0.09584727398692328,R3_condition_bagged_hgb,R3_condition_bagged_hgb__bags9,primary,,temperature_holdout_fold,capacity_Ah_k1,0.0,0.32467590193302903
9,0.09052593145965794,0.08405668273115381,F4_state_log_age_scalar,3,0.07403007632032171,0.10329871027177168,R3_condition_bagged_hgb,R3_condition_bagged_hgb__bags9,primary,,voltage_window_holdout_fold,capacity_Ah_k1,0.0,0.4078667605320934
9,0.09542792228705753,0.07629296499313085,F4_state_log_age_scalar,1,0.07777275738508245,0.1254615564998542,R3_condition_bagged_hgb,R3_condition_bagged_hgb__bags9,primary,,c_rate_holdout_fold,delta_capacity_Ah,0.0,0.17934372840143656
9,0.04717053839745903,0.04206920260829585,F4_state_log_age_scalar,5,0.029727368858627784,0.0658205997478994,R3_condition_bagged_hgb,R3_condition_bagged_hgb__bags9,primary,,condition_fold,delta_capacity_Ah,0.0,0.18056768520114855
9,0.12666851168030122,0.12808206393389165,F4_state_log_age_scalar,1,0.12202757615017389,0.14918999432628974,R3_condition_bagged_hgb,R3_condition_bagged_hgb__bags9,primary,,profile_holdout_fold,delta_capacity_Ah,0.0,0.1863362895447932
9,0.053334213362884755,0.04897164948782283,F4_state_log_age_scalar,2,0.03231624674745689,0.07921860504356534,R3_condition_bagged_hgb,R3_condition_bagged_hgb__bags9,primary,,temperature_holdout_fold,delta_capacity_Ah,0.0,0.1805237302008977
9,0.0782937980664573,0.07554250311287732,F4_state_log_age_scalar,3,0.06457352031913412,0.08706399387595183,R3_condition_bagged_hgb,R3_condition_bagged_hgb__bags9,primary,,voltage_window_holdout_fold,delta_capacity_Ah,0.0,0.2542517749679088
9,0.1394782946316292,0.09660338804892282,F8_timestamp_weighted_stress,1,0.09194000089845059,0.16350868502770122,R3_condition_bagged_hgb,R3_condition_bagged_hgb__bags9,primary,,c_rate_holdout_fold,capacity_Ah_k1,0.0,0.31725672260667886
9,0.060865988697847984,0.04618292201738035,F8_timestamp_weighted_stress,5,0.03763328127837088,0.0763427730770371,R3_condition_bagged_hgb,R3_condition_bagged_hgb__bags9,primary,,condition_fold,capacity_Ah_k1,0.0,0.3353165228796351
9,0.1241669708172004,0.10708961324506841,F8_timestamp_weighted_stress,1,0.10448944108060615,0.14646702163302538,R3_condition_bagged_hgb,R3_condition_bagged_hgb__bags9,primary,,profile_holdout_fold,capacity_Ah_k1,0.0,0.24745212197087132
9,0.0768096569330248,0.05787080353344113,F8_timestamp_weighted_stress,2,0.04447514371693738,0.09591533355441134,R3_condition_bagged_hgb,R3_condition_bagged_hgb__bags9,primary,,temperature_holdout_fold,capacity_Ah_k1,0.0,0.33597940715377206
9,0.1550365330555117,0.14910694099748525,F8_timestamp_weighted_stress,3,0.1389231948754942,0.1702037606483604,R3_condition_bagged_hgb,R3_condition_bagged_hgb__bags9,primary,,voltage_window_holdout_fold,capacity_Ah_k1,0.0,0.39890537475673504
9,0.10203992075430986,0.08831928124150452,F8_timestamp_weighted_stress,1,0.07604533061321246,0.1296697680158685,R3_condition_bagged_hgb,R3_condition_bagged_hgb__bags9,primary,,c_rate_holdout_fold,delta_capacity_Ah,0.0,0.21250866414352895
9,0.045372666816952456,0.0376345879734868,F8_timestamp_weighted_stress,5,0.028785063922364997,0.059613278314589194,R3_condition_bagged_hgb,R3_condition_bagged_hgb__bags9,primary,,condition_fold,delta_capacity_Ah,0.0,0.15945789898416282
9,0.10764078227746887,0.10915647128619585,F8_timestamp_weighted_stress,1,0.0952609473827752,0.12180594291572631,R3_condition_bagged_hgb,R3_condition_bagged_hgb__bags9,primary,,profile_holdout_fold,delta_capacity_Ah,0.0,0.1864320985280039
9,0.054933971112430154,0.050867451374160974,F8_timestamp_weighted_stress,2,0.032528373776457314,0.076815667639103,R3_condition_bagged_hgb,R3_condition_bagged_hgb__bags9,primary,,temperature_holdout_fold,delta_capacity_Ah,0.0,0.1556948828336028
9,0.14567034051267982,0.1449462570470965,F8_timestamp_weighted_stress,3,0.13643340201240373,0.1560480063637353,R3_condition_bagged_hgb,R3_condition_bagged_hgb__bags9,primary,,voltage_window_holdout_fold,delta_capacity_Ah,0.0,0.3008661872675076
1,0.11776605565695615,0.10673934651769615,F4_state_log_age_scalar,1,0.08806869279940882,0.1481517026243534,R4_worst_fold_selected_hgb,R4_worst_fold_selected_hgb__w0p25,primary,R1_condition_balanced_hgb,c_rate_holdout_fold,capacity_Ah_k1,0.25,0.2633362032020224
1,0.054443183073207405,0.045627707892110514,F4_state_log_age_scalar,5,0.031555038508597685,0.0730303451071469,R4_worst_fold_selected_hgb,R4_worst_fold_selected_hgb__w0p25,primary,"R0_reference_hgb50,R1_condition_balanced_hgb",condition_fold,capacity_Ah_k1,0.25,0.2588867309972366
1,0.1027050051284683,0.08997121989683785,F4_state_log_age_scalar,1,0.0888186116515001,0.1310136184120954,R4_worst_fold_selected_hgb,R4_worst_fold_selected_hgb__w0p25,primary,R1_condition_balanced_hgb,profile_holdout_fold,capacity_Ah_k1,0.25,0.19829671938158314
1,0.06906867690536868,0.06155265736576053,F4_state_log_age_scalar,2,0.03890582367422875,0.09293730974868951,R4_worst_fold_selected_hgb,R4_worst_fold_selected_hgb__w0p25,primary,"R0_reference_hgb50,R2_stressor_balanced_hgb",temperature_holdout_fold,capacity_Ah_k1,0.25,0.2771743791093361
1,0.0874440418378326,0.08170324797370875,F4_state_log_age_scalar,3,0.06569787821054672,0.10150175644500203,R4_worst_fold_selected_hgb,R4_worst_fold_selected_hgb__w0p25,primary,"R0_reference_hgb50,R1_condition_balanced_hgb,R2_stressor_balanced_hgb",voltage_window_holdout_fold,capacity_Ah_k1,0.25,0.3603624225203877
1,0.10113277130259181,0.08979647569805231,F4_state_log_age_scalar,1,0.08173421578436833,0.12616470780674297,R4_worst_fold_selected_hgb,R4_worst_fold_selected_hgb__w0p25,primary,R0_reference_hgb50,c_rate_holdout_fold,delta_capacity_Ah,0.25,0.193505570859936
1,0.04461733573113926,0.03982943561995958,F4_state_log_age_scalar,5,0.02656547012789425,0.06332865607915843,R4_worst_fold_selected_hgb,R4_worst_fold_selected_hgb__w0p25,primary,"R0_reference_hgb50,R1_condition_balanced_hgb,R2_stressor_balanced_hgb",condition_fold,delta_capacity_Ah,0.25,0.1705255048212365
1,0.11816798776394354,0.12343589258185705,F4_state_log_age_scalar,1,0.10943948025551123,0.1433956157035657,R4_worst_fold_selected_hgb,R4_worst_fold_selected_hgb__w0p25,primary,R1_condition_balanced_hgb,profile_holdout_fold,delta_capacity_Ah,0.25,0.19109714345932058
1,0.0517048954984492,0.04898052720924156,F4_state_log_age_scalar,2,0.028822659899522964,0.07793770761024568,R4_worst_fold_selected_hgb,R4_worst_fold_selected_hgb__w0p25,primary,"R0_reference_hgb50,R1_condition_balanced_hgb",temperature_holdout_fold,delta_capacity_Ah,0.25,0.16762750795292775
1,0.07596686998921888,0.06857107445330017,F4_state_log_age_scalar,3,0.06704463602413628,0.09203902410712456,R4_worst_fold_selected_hgb,R4_worst_fold_selected_hgb__w0p25,primary,"R0_reference_hgb50,R1_condition_balanced_hgb",voltage_window_holdout_fold,delta_capacity_Ah,0.25,0.2315662886975436
1,0.1304566767334516,0.10457129775325255,F8_timestamp_weighted_stress,1,0.09085705414650938,0.1528361337142152,R4_worst_fold_selected_hgb,R4_worst_fold_selected_hgb__w0p25,primary,R2_stressor_balanced_hgb,c_rate_holdout_fold,capacity_Ah_k1,0.25,0.26114113186819454
1,0.05381630004523771,0.04205311850160671,F8_timestamp_weighted_stress,5,0.03111652204766402,0.07187966793177221,R4_worst_fold_selected_hgb,R4_worst_fold_selected_hgb__w0p25,primary,"R0_reference_hgb50,R1_condition_balanced_hgb",condition_fold,capacity_Ah_k1,0.25,0.2578082469271345
1,0.09760217173253728,0.07748000396147817,F8_timestamp_weighted_stress,1,0.07742961104185911,0.12253089131807185,R4_worst_fold_selected_hgb,R4_worst_fold_selected_hgb__w0p25,primary,R2_stressor_balanced_hgb,profile_holdout_fold,capacity_Ah_k1,0.25,0.2409738886903882
1,0.06918400161848663,0.05772355289840001,F8_timestamp_weighted_stress,2,0.03986982985603986,0.09167620083452985,R4_worst_fold_selected_hgb,R4_worst_fold_selected_hgb__w0p25,primary,R1_condition_balanced_hgb,temperature_holdout_fold,capacity_Ah_k1,0.25,0.2775347131156412
1,0.17439701059864307,0.18293650415182994,F8_timestamp_weighted_stress,3,0.15572439633234306,0.1932124199603841,R4_worst_fold_selected_hgb,R4_worst_fold_selected_hgb__w0p25,primary,"R0_reference_hgb50,R1_condition_balanced_hgb,R2_stressor_balanced_hgb",voltage_window_holdout_fold,capacity_Ah_k1,0.25,0.40526930561771235
1,0.10251578832333012,0.07764103216483734,F8_timestamp_weighted_stress,1,0.07625761784761585,0.12285078545765196,R4_worst_fold_selected_hgb,R4_worst_fold_selected_hgb__w0p25,primary,R0_reference_hgb50,c_rate_holdout_fold,delta_capacity_Ah,0.25,0.21193834940315578
1,0.040899438562906024,0.03653282030803293,F8_timestamp_weighted_stress,5,0.025197424679450568,0.059380263740843243,R4_worst_fold_selected_hgb,R4_worst_fold_selected_hgb__w0p25,primary,"R0_reference_hgb50,R1_condition_balanced_hgb",condition_fold,delta_capacity_Ah,0.25,0.17343138424719065
1,0.09846477964259441,0.09067860167901645,F8_timestamp_weighted_stress,1,0.08026946934033649,0.12127942624713617,R4_worst_fold_selected_hgb,R4_worst_fold_selected_hgb__w0p25,primary,R1_condition_balanced_hgb,profile_holdout_fold,delta_capacity_Ah,0.25,0.202556568709747
1,0.04828385733305264,0.04256088387933293,F8_timestamp_weighted_stress,2,0.029714241621010173,0.07559989748292945,R4_worst_fold_selected_hgb,R4_worst_fold_selected_hgb__w0p25,primary,"R1_condition_balanced_hgb,R2_stressor_balanced_hgb",temperature_holdout_fold,delta_capacity_Ah,0.25,0.17064468620799306
1,0.13793163941179323,0.1341763540882324,F8_timestamp_weighted_stress,3,0.12928799837944743,0.15291454329052231,R4_worst_fold_selected_hgb,R4_worst_fold_selected_hgb__w0p25,primary,"R0_reference_hgb50,R1_condition_balanced_hgb",voltage_window_holdout_fold,delta_capacity_Ah,0.25,0.2354123898660245
1,0.12404111104446099,0.11239676285281906,F4_state_log_age_scalar,1,0.09127337765023259,0.15311570911741446,R4_worst_fold_selected_hgb,R4_worst_fold_selected_hgb__w0p5,primary,R1_condition_balanced_hgb,c_rate_holdout_fold,capacity_Ah_k1,0.5,0.28016192032381626
1,0.05497976402047463,0.046244782346582004,F4_state_log_age_scalar,5,0.03233954938850595,0.07367681263919537,R4_worst_fold_selected_hgb,R4_worst_fold_selected_hgb__w0p5,primary,"R0_reference_hgb50,R1_condition_balanced_hgb,R2_stressor_balanced_hgb",condition_fold,capacity_Ah_k1,0.5,0.2588867309972366
1,0.10956734414560987,0.0962103753200727,F4_state_log_age_scalar,1,0.09479872780554392,0.13782643033080927,R4_worst_fold_selected_hgb,R4_worst_fold_selected_hgb__w0p5,primary,R1_condition_balanced_hgb,profile_holdout_fold,capacity_Ah_k1,0.5,0.22558971989598414
1,0.07083349478891965,0.06379723204100105,F4_state_log_age_scalar,2,0.03922219239608883,0.09237535426458868,R4_worst_fold_selected_hgb,R4_worst_fold_selected_hgb__w0p5,primary,"R1_condition_balanced_hgb,R2_stressor_balanced_hgb",temperature_holdout_fold,capacity_Ah_k1,0.5,0.3015768588047309
1,0.08350663843167372,0.08007539724272496,F4_state_log_age_scalar,3,0.06244883365348375,0.09871483672219554,R4_worst_fold_selected_hgb,R4_worst_fold_selected_hgb__w0p5,primary,"R0_reference_hgb50,R1_condition_balanced_hgb,R2_stressor_balanced_hgb",voltage_window_holdout_fold,capacity_Ah_k1,0.5,0.3603624225203877
1,0.10113277130259181,0.08979647569805231,F4_state_log_age_scalar,1,0.08173421578436833,0.12616470780674297,R4_worst_fold_selected_hgb,R4_worst_fold_selected_hgb__w0p5,primary,R0_reference_hgb50,c_rate_holdout_fold,delta_capacity_Ah,0.5,0.193505570859936
1,0.045703216743360926,0.04000186891138245,F4_state_log_age_scalar,5,0.026940763588667916,0.06446126523308991,R4_worst_fold_selected_hgb,R4_worst_fold_selected_hgb__w0p5,primary,"R0_reference_hgb50,R2_stressor_balanced_hgb",condition_fold,delta_capacity_Ah,0.5,0.18312179107343562
1,0.1135053166502396,0.10696680405710585,F4_state_log_age_scalar,1,0.1008073982423146,0.1430753040462124,R4_worst_fold_selected_hgb,R4_worst_fold_selected_hgb__w0p5,primary,R1_condition_balanced_hgb,profile_holdout_fold,delta_capacity_Ah,0.5,0.2005847383464152
1,0.04938057862135198,0.04800654938555493,F4_state_log_age_scalar,2,0.028649218239553503,0.07810548753889984,R4_worst_fold_selected_hgb,R4_worst_fold_selected_hgb__w0p5,primary,"R0_reference_hgb50,R2_stressor_balanced_hgb",temperature_holdout_fold,delta_capacity_Ah,0.5,0.16795039472219525
1,0.0751309399675351,0.06598018289135403,F4_state_log_age_scalar,3,0.06269938413617461,0.08298537576801214,R4_worst_fold_selected_hgb,R4_worst_fold_selected_hgb__w0p5,primary,"R0_reference_hgb50,R2_stressor_balanced_hgb",voltage_window_holdout_fold,delta_capacity_Ah,0.5,0.2315662886975436
1,0.12244211150469492,0.10792304693682522,F8_timestamp_weighted_stress,1,0.08814494356804406,0.14958573796285973,R4_worst_fold_selected_hgb,R4_worst_fold_selected_hgb__w0p5,primary,R0_reference_hgb50,c_rate_holdout_fold,capacity_Ah_k1,0.5,0.2539914861259202
1,0.054244589331797655,0.04307035390352963,F8_timestamp_weighted_stress,5,0.0318399926517429,0.07202822982178506,R4_worst_fold_selected_hgb,R4_worst_fold_selected_hgb__w0p5,primary,"R0_reference_hgb50,R2_stressor_balanced_hgb",condition_fold,capacity_Ah_k1,0.5,0.2578082469271345
1,0.09760217173253728,0.07748000396147817,F8_timestamp_weighted_stress,1,0.07742961104185911,0.12253089131807185,R4_worst_fold_selected_hgb,R4_worst_fold_selected_hgb__w0p5,primary,R2_stressor_balanced_hgb,profile_holdout_fold,capacity_Ah_k1,0.5,0.2409738886903882
1,0.06902402553583768,0.05502100632710936,F8_timestamp_weighted_stress,2,0.04040879125195947,0.09183918054147809,R4_worst_fold_selected_hgb,R4_worst_fold_selected_hgb__w0p5,primary,R1_condition_balanced_hgb,temperature_holdout_fold,capacity_Ah_k1,0.5,0.26667666401566187
1,0.1911188057433099,0.19693900325881578,F8_timestamp_weighted_stress,3,0.17050549900004838,0.21456280002087583,R4_worst_fold_selected_hgb,R4_worst_fold_selected_hgb__w0p5,primary,"R0_reference_hgb50,R1_condition_balanced_hgb,R2_stressor_balanced_hgb",voltage_window_holdout_fold,capacity_Ah_k1,0.5,0.4478759620258007
1,0.10251578832333012,0.07764103216483734,F8_timestamp_weighted_stress,1,0.07625761784761585,0.12285078545765196,R4_worst_fold_selected_hgb,R4_worst_fold_selected_hgb__w0p5,primary,R0_reference_hgb50,c_rate_holdout_fold,delta_capacity_Ah,0.5,0.21193834940315578
1,0.04204767847052367,0.0360669170897959,F8_timestamp_weighted_stress,5,0.025676731369553722,0.061669734967140045,R4_worst_fold_selected_hgb,R4_worst_fold_selected_hgb__w0p5,primary,"R0_reference_hgb50,R1_condition_balanced_hgb,R2_stressor_balanced_hgb",condition_fold,delta_capacity_Ah,0.5,0.1901932227892993
1,0.106362166700976,0.08931270737224936,F8_timestamp_weighted_stress,1,0.08760227451486291,0.13215407614742222,R4_worst_fold_selected_hgb,R4_worst_fold_selected_hgb__w0p5,primary,R1_condition_balanced_hgb,profile_holdout_fold,delta_capacity_Ah,0.5,0.225059103549766
1,0.04863121702869176,0.04071997038612142,F8_timestamp_weighted_stress,2,0.02910055782699353,0.07387777692546361,R4_worst_fold_selected_hgb,R4_worst_fold_selected_hgb__w0p5,primary,"R0_reference_hgb50,R2_stressor_balanced_hgb",temperature_holdout_fold,delta_capacity_Ah,0.5,0.14762688345553496
1,0.14777496255501701,0.1498096905619732,F8_timestamp_weighted_stress,3,0.14172005168214946,0.16501140104117104,R4_worst_fold_selected_hgb,R4_worst_fold_selected_hgb__w0p5,primary,"R1_condition_balanced_hgb,R2_stressor_balanced_hgb",voltage_window_holdout_fold,delta_capacity_Ah,0.5,0.2605346153349842
1,0.12192964871439928,0.09216573343819978,F4_state_log_age_scalar,1,0.08912289767630634,0.14551148614377066,R4_worst_fold_selected_hgb,R4_worst_fold_selected_hgb__w0p75,primary,R2_stressor_balanced_hgb,c_rate_holdout_fold,capacity_Ah_k1,0.75,0.2525180367075959
1,0.055313815130548075,0.04460044728861255,F4_state_log_age_scalar,5,0.032600272035842516,0.07386252457851702,R4_worst_fold_selected_hgb,R4_worst_fold_selected_hgb__w0p75,primary,"R0_reference_hgb50,R1_condition_balanced_hgb,R2_stressor_balanced_hgb",condition_fold,capacity_Ah_k1,0.75,0.2588867309972366
1,0.096467695183109,0.08819053179085301,F4_state_log_age_scalar,1,0.08465948362791872,0.12574748097416488,R4_worst_fold_selected_hgb,R4_worst_fold_selected_hgb__w0p75,primary,R1_condition_balanced_hgb,profile_holdout_fold,capacity_Ah_k1,0.75,0.19033225900386913
1,0.07088322730333886,0.06150222082213829,F4_state_log_age_scalar,2,0.04053152462222821,0.09300146574110374,R4_worst_fold_selected_hgb,R4_worst_fold_selected_hgb__w0p75,primary,"R0_reference_hgb50,R1_condition_balanced_hgb",temperature_holdout_fold,capacity_Ah_k1,0.75,0.2849332401428008
1,0.08533851194802217,0.07738972312284444,F4_state_log_age_scalar,3,0.06221647203999361,0.10001779621484931,R4_worst_fold_selected_hgb,R4_worst_fold_selected_hgb__w0p75,primary,"R1_condition_balanced_hgb,R2_stressor_balanced_hgb",voltage_window_holdout_fold,capacity_Ah_k1,0.75,0.3717842319595624
1,0.10113277130259181,0.08979647569805231,F4_state_log_age_scalar,1,0.08173421578436833,0.12616470780674297,R4_worst_fold_selected_hgb,R4_worst_fold_selected_hgb__w0p75,primary,R0_reference_hgb50,c_rate_holdout_fold,delta_capacity_Ah,0.75,0.193505570859936
1,0.045569418458000284,0.040582404841837554,F4_state_log_age_scalar,5,0.026686016225075316,0.06314244402908206,R4_worst_fold_selected_hgb,R4_worst_fold_selected_hgb__w0p75,primary,"R0_reference_hgb50,R2_stressor_balanced_hgb",condition_fold,delta_capacity_Ah,0.75,0.18312179107343562
1,0.12910113055345526,0.12561014780474006,F4_state_log_age_scalar,1,0.11438183775504504,0.17043290871159883,R4_worst_fold_selected_hgb,R4_worst_fold_selected_hgb__w0p75,primary,R1_condition_balanced_hgb,profile_holdout_fold,delta_capacity_Ah,0.75,0.21129282158206655
1,0.04922648121002953,0.04461368532741804,F4_state_log_age_scalar,2,0.028640258686485266,0.07738969423992276,R4_worst_fold_selected_hgb,R4_worst_fold_selected_hgb__w0p75,primary,R2_stressor_balanced_hgb,temperature_holdout_fold,delta_capacity_Ah,0.75,0.16999145608654523
1,0.08228332210995644,0.07511528170543576,F4_state_log_age_scalar,3,0.07064456009923681,0.09083703844823321,R4_worst_fold_selected_hgb,R4_worst_fold_selected_hgb__w0p75,primary,"R0_reference_hgb50,R2_stressor_balanced_hgb",voltage_window_holdout_fold,delta_capacity_Ah,0.75,0.2315662886975436
1,0.12244211150469492,0.10792304693682522,F8_timestamp_weighted_stress,1,0.08814494356804406,0.14958573796285973,R4_worst_fold_selected_hgb,R4_worst_fold_selected_hgb__w0p75,primary,R0_reference_hgb50,c_rate_holdout_fold,capacity_Ah_k1,0.75,0.2539914861259202
1,0.05151795565683428,0.04158007379031886,F8_timestamp_weighted_stress,5,0.031565050440401796,0.06952513311862989,R4_worst_fold_selected_hgb,R4_worst_fold_selected_hgb__w0p75,primary,"R0_reference_hgb50,R1_condition_balanced_hgb,R2_stressor_balanced_hgb",condition_fold,capacity_Ah_k1,0.75,0.21544727392571175
1,0.09760217173253728,0.07748000396147817,F8_timestamp_weighted_stress,1,0.07742961104185911,0.12253089131807185,R4_worst_fold_selected_hgb,R4_worst_fold_selected_hgb__w0p75,primary,R2_stressor_balanced_hgb,profile_holdout_fold,capacity_Ah_k1,0.75,0.2409738886903882
1,0.07046525606588633,0.05900918391654963,F8_timestamp_weighted_stress,2,0.04169060290165537,0.09286634014336158,R4_worst_fold_selected_hgb,R4_worst_fold_selected_hgb__w0p75,primary,R1_condition_balanced_hgb,temperature_holdout_fold,capacity_Ah_k1,0.75,0.24789987701336946
1,0.16741149545813364,0.17399841386054074,F8_timestamp_weighted_stress,3,0.14610432563696055,0.19240561154710942,R4_worst_fold_selected_hgb,R4_worst_fold_selected_hgb__w0p75,primary,"R0_reference_hgb50,R1_condition_balanced_hgb,R2_stressor_balanced_hgb",voltage_window_holdout_fold,capacity_Ah_k1,0.75,0.41067939456658337
1,0.10251578832333012,0.07764103216483734,F8_timestamp_weighted_stress,1,0.07625761784761585,0.12285078545765196,R4_worst_fold_selected_hgb,R4_worst_fold_selected_hgb__w0p75,primary,R0_reference_hgb50,c_rate_holdout_fold,delta_capacity_Ah,0.75,0.21193834940315578
1,0.042160267315790645,0.036287704048860565,F8_timestamp_weighted_stress,5,0.026136134622510514,0.06265822236438053,R4_worst_fold_selected_hgb,R4_worst_fold_selected_hgb__w0p75,primary,"R0_reference_hgb50,R1_condition_balanced_hgb,R2_stressor_balanced_hgb",condition_fold,delta_capacity_Ah,0.75,0.1901932227892993
1,0.11252521856229188,0.09757165812324889,F8_timestamp_weighted_stress,1,0.09542304234611695,0.13592805240296382,R4_worst_fold_selected_hgb,R4_worst_fold_selected_hgb__w0p75,primary,R1_condition_balanced_hgb,profile_holdout_fold,delta_capacity_Ah,0.75,0.22879652437836015
1,0.04816629484355264,0.04423637117806852,F8_timestamp_weighted_stress,2,0.029529703627950585,0.07435513988915801,R4_worst_fold_selected_hgb,R4_worst_fold_selected_hgb__w0p75,primary,"R0_reference_hgb50,R2_stressor_balanced_hgb",temperature_holdout_fold,delta_capacity_Ah,0.75,0.14441675649586233
1,0.1311842542288008,0.1297695966544498,F8_timestamp_weighted_stress,3,0.12280656324959445,0.1439039709710238,R4_worst_fold_selected_hgb,R4_worst_fold_selected_hgb__w0p75,primary,"R1_condition_balanced_hgb,R2_stressor_balanced_hgb",voltage_window_holdout_fold,delta_capacity_Ah,0.75,0.21897016109477505
1,0.13170841491214483,0.10031906430483781,F4_state_log_age_scalar,1,0.09528659818192556,0.15608537546648282,R4_worst_fold_selected_hgb,R4_worst_fold_selected_hgb__w1,primary,R2_stressor_balanced_hgb,c_rate_holdout_fold,capacity_Ah_k1,1.0,0.2852977322098574
1,0.05422784634687209,0.04507652869532581,F4_state_log_age_scalar,5,0.03287361362299977,0.07199832733755536,R4_worst_fold_selected_hgb,R4_worst_fold_selected_hgb__w1,primary,"R0_reference_hgb50,R1_condition_balanced_hgb,R2_stressor_balanced_hgb",condition_fold,capacity_Ah_k1,1.0,0.2588867309972366
1,0.09848687258211773,0.08899093246558137,F4_state_log_age_scalar,1,0.08450491774492985,0.12841486110304665,R4_worst_fold_selected_hgb,R4_worst_fold_selected_hgb__w1,primary,R1_condition_balanced_hgb,profile_holdout_fold,capacity_Ah_k1,1.0,0.20945239339614713
1,0.06961415417974953,0.06189065560733151,F4_state_log_age_scalar,2,0.04032275555646473,0.0946471259297785,R4_worst_fold_selected_hgb,R4_worst_fold_selected_hgb__w1,primary,"R1_condition_balanced_hgb,R2_stressor_balanced_hgb",temperature_holdout_fold,capacity_Ah_k1,1.0,0.26888878422542645
1,0.08342435050038378,0.07774034999883915,F4_state_log_age_scalar,3,0.06142098482313859,0.09820567353828964,R4_worst_fold_selected_hgb,R4_worst_fold_selected_hgb__w1,primary,"R0_reference_hgb50,R1_condition_balanced_hgb,R2_stressor_balanced_hgb",voltage_window_holdout_fold,capacity_Ah_k1,1.0,0.3603624225203877
1,0.10113277130259181,0.08979647569805231,F4_state_log_age_scalar,1,0.08173421578436833,0.12616470780674297,R4_worst_fold_selected_hgb,R4_worst_fold_selected_hgb__w1,primary,R0_reference_hgb50,c_rate_holdout_fold,delta_capacity_Ah,1.0,0.193505570859936
1,0.04592982921351099,0.0421465659697424,F4_state_log_age_scalar,5,0.026636191574088936,0.06317281478229422,R4_worst_fold_selected_hgb,R4_worst_fold_selected_hgb__w1,primary,"R0_reference_hgb50,R1_condition_balanced_hgb,R2_stressor_balanced_hgb",condition_fold,delta_capacity_Ah,1.0,0.18312179107343562
1,0.11879545259140005,0.11879419153211897,F4_state_log_age_scalar,1,0.10620096611539766,0.15267149860869292,R4_worst_fold_selected_hgb,R4_worst_fold_selected_hgb__w1,primary,R1_condition_balanced_hgb,profile_holdout_fold,delta_capacity_Ah,1.0,0.20389026648551806
1,0.049215937325823744,0.047540087753013494,F4_state_log_age_scalar,2,0.028574533970970914,0.07796501983323922,R4_worst_fold_selected_hgb,R4_worst_fold_selected_hgb__w1,primary,"R0_reference_hgb50,R2_stressor_balanced_hgb",temperature_holdout_fold,delta_capacity_Ah,1.0,0.16527781478463746
1,0.0766281899170989,0.06871385373152979,F4_state_log_age_scalar,3,0.06408405623891338,0.0847036801584491,R4_worst_fold_selected_hgb,R4_worst_fold_selected_hgb__w1,primary,"R0_reference_hgb50,R2_stressor_balanced_hgb",voltage_window_holdout_fold,delta_capacity_Ah,1.0,0.2315662886975436
1,0.12244211150469492,0.10792304693682522,F8_timestamp_weighted_stress,1,0.08814494356804406,0.14958573796285973,R4_worst_fold_selected_hgb,R4_worst_fold_selected_hgb__w1,primary,R0_reference_hgb50,c_rate_holdout_fold,capacity_Ah_k1,1.0,0.2539914861259202
1,0.052233557151711164,0.04416133829241755,F8_timestamp_weighted_stress,5,0.0328514539097297,0.07088009526267795,R4_worst_fold_selected_hgb,R4_worst_fold_selected_hgb__w1,primary,"R0_reference_hgb50,R1_condition_balanced_hgb,R2_stressor_balanced_hgb",condition_fold,capacity_Ah_k1,1.0,0.21518523368048995
1,0.09760217173253728,0.07748000396147817,F8_timestamp_weighted_stress,1,0.07742961104185911,0.12253089131807185,R4_worst_fold_selected_hgb,R4_worst_fold_selected_hgb__w1,primary,R2_stressor_balanced_hgb,profile_holdout_fold,capacity_Ah_k1,1.0,0.2409738886903882
1,0.06635939381689382,0.05473588541467587,F8_timestamp_weighted_stress,2,0.04047694932555621,0.092849121412298,R4_worst_fold_selected_hgb,R4_worst_fold_selected_hgb__w1,primary,"R0_reference_hgb50,R1_condition_balanced_hgb",temperature_holdout_fold,capacity_Ah_k1,1.0,0.27110814311431214
1,0.1722274261848934,0.16708634268429415,F8_timestamp_weighted_stress,3,0.1521030884563989,0.1932078086982101,R4_worst_fold_selected_hgb,R4_worst_fold_selected_hgb__w1,primary,"R1_condition_balanced_hgb,R2_stressor_balanced_hgb",voltage_window_holdout_fold,capacity_Ah_k1,1.0,0.41678778619912427
1,0.10251578832333012,0.07764103216483734,F8_timestamp_weighted_stress,1,0.07625761784761585,0.12285078545765196,R4_worst_fold_selected_hgb,R4_worst_fold_selected_hgb__w1,primary,R0_reference_hgb50,c_rate_holdout_fold,delta_capacity_Ah,1.0,0.21193834940315578
1,0.043246608506749426,0.037018700044519716,F8_timestamp_weighted_stress,5,0.026362150949762193,0.0608366328546749,R4_worst_fold_selected_hgb,R4_worst_fold_selected_hgb__w1,primary,"R0_reference_hgb50,R1_condition_balanced_hgb,R2_stressor_balanced_hgb",condition_fold,delta_capacity_Ah,1.0,0.1901932227892993
1,0.10910860016575767,0.1001858347341695,F8_timestamp_weighted_stress,1,0.09281259853365713,0.13574662852344066,R4_worst_fold_selected_hgb,R4_worst_fold_selected_hgb__w1,primary,R1_condition_balanced_hgb,profile_holdout_fold,delta_capacity_Ah,1.0,0.2350166190483552
1,0.046931329208558886,0.04165646121463722,F8_timestamp_weighted_stress,2,0.029654269611425768,0.07455238485318927,R4_worst_fold_selected_hgb,R4_worst_fold_selected_hgb__w1,primary,"R0_reference_hgb50,R2_stressor_balanced_hgb",temperature_holdout_fold,delta_capacity_Ah,1.0,0.14153505369916766
1,0.1279516474393816,0.12820986780170715,F8_timestamp_weighted_stress,3,0.11907763481663723,0.14046388783798688,R4_worst_fold_selected_hgb,R4_worst_fold_selected_hgb__w1,primary,"R1_condition_balanced_hgb,R2_stressor_balanced_hgb",voltage_window_holdout_fold,delta_capacity_Ah,1.0,0.21578829677373015
